,1,2,3,4,5,6,7,8,9,10,11,12,13,14,15,16,17,18,19,20,21,22,23,24,25,26,27,28,29,30,31,32,33,34,35,36,37,38,39,40,41,42,43,44,45,46,47,48,49,50,51,52,53,54,55,56,57,58,59,60,61,62,63,64,65,66,67,68,69,70,71,72,73,74,75,76,77,78,79,80,81,82,83,84,85,86,87,88,89,90,91,92,93,94,95,96,97,98,99,100,
1,0,1.96673,9.09021,8.824995,10.02585,8.631146,6.590291,0.7282375,7.271574,6.632758,3.316588,0.9021763,7.206339,6.130527,5.336906,5.308592,9.122061,9.225059,6.104708,8.841357,1.538521,6.581325,6.8299,6.283715,6.854581,5.362655,5.341774,6.016711,6.995032,8.522188,4.310472,5.894885,3.968211,4.608242,6.957255,7.372983,3.747722,2.81999,2.69748,10.34972,5.864008,7.154596,3.001911,8.435542,4.050824,2.613645,8.090364,5.196727,3.2596,8.791465,7.130996,5.410708,8.339716,4.815331,5.017788,7.080988,10.48648,4.619703,5.617603,4.889438,6.245093,7.888834,5.97602,7.639724,3.329219,4.721104,5.218499,6.171876,4.123789,10.39302,7.329991,4.05047,0.7788249,8.633648,6.914335,3.390502,8.897162,4.607292,7.402664,7.040343,5.229084,8.767191,4.702907,2.676766,5.063874,6.547844,7.25277,8.320772,6.5084,5.690439,9.431527,4.543882,8.737394,6.962181,3.47773,6.088921,4.141975,1.187021,6.508431,10.09758,
2,1.96673,0,10.97807,10.36796,11.70262,10.55672,4.834929,2.514189,9.043803,5.776265,1.698336,1.434335,7.06413,6.450254,5.006389,3.950162,7.887202,10.89011,4.151852,10.29312,1.981366,5.326643,8.624802,7.623211,6.256959,7.105134,4.687294,4.278002,8.961583,10.48721,3.780168,6.695436,3.705233,6.166479,8.556258,9.239698,2.974264,4.768502,1.73108,12.02576,5.324867,8.985756,1.807137,10.40186,5.569639,0.9125043,6.887383,5.406651,5.12543,10.59999,8.841947,7.311895,7.324652,6.086247,6.563178,7.602793,12.265,4.267052,7.577697,5.312155,8.098625,6.402655,5.685499,9.602432,5.20121,5.225056,3.495567,6.695442,5.436187,11.93956,9.217196,2.210926,2.106439,10.12308,7.564695,4.6828,10.86329,5.543535,9.166186,8.081305,3.646433,10.67447,4.634053,4.515227,5.820354,7.790619,6.58757,9.603039,4.662762,7.05643,11.13299,3.847719,10.32158,7.431544,1.517184,7.186852,2.93881,1.965381,4.558312,11.75216,
3,9.09021,10.97807,0,3.762333,2.878822,0.8899181,14.73273,8.816431,2.389306,12.62906,11.78928,9.570133,11.00136,9.231001,10.72997,12.83794,15.44024,2.7634,15.11048,4.439714,9.337612,13.54011,2.600981,5.384264,12.10402,4.109014,11.44884,14.18908,3.16039,3.19628,10.76711,7.633411,10.18248,5.380728,3.725662,1.759531,10.95462,6.734939,10.77321,3.033075,11.4411,2.12141,11.14268,2.616963,5.920125,11.34626,14.541,9.373137,5.852705,1.22237,2.90401,3.68033,14.20728,6.244514,5.13393,8.764174,2.141289,10.53065,3.803618,8.787218,2.903814,15.14322,10.88233,3.501384,5.777421,8.573493,13.46971,8.590318,6.478302,4.159955,1.761396,12.68104,8.890614,4.150859,8.254754,6.980983,2.568622,7.386443,2.358647,6.661509,13.20487,0.4849972,9.952283,6.464046,7.836673,5.774017,12.51538,5.476672,14.90062,5.485311,2.447366,11.16319,3.429807,8.924134,12.48263,6.49039,11.79811,9.161122,15.26261,3.113793,
4,8.824995,10.36796,3.762333,0,1.753757,4.392373,13.07235,8.854493,2.414461,10.23879,10.64158,8.957736,8.123594,6.509584,8.447511,11.04834,12.88531,1.150158,14.20372,0.6845042,8.431918,11.413,2.826647,2.928006,9.52429,3.662642,9.286462,12.59243,5.829956,6.61268,8.881387,4.972143,8.349028,4.225257,1.888488,3.341501,9.333797,7.442277,9.582133,2.007278,9.083771,2.996919,9.912275,6.030971,4.808247,10.43332,12.10955,7.002033,5.835673,2.540927,2.093023,4.525683,11.59449,4.403645,3.818945,5.687398,2.962631,8.488677,5.467618,6.514572,3.626558,12.9921,8.39338,6.555406,5.798788,6.369917,11.98835,5.819829,4.975816,1.572836,3.630165,11.5345,8.330212,0.4595806,5.204622,5.708627,6.143199,5.339702,2.28005,3.55443,11.59447,4.033895,7.811234,6.27441,5.522911,3.027169,9.883419,1.881227,13.38817,3.398833,1.57642,9.256364,0.3361354,5.897341,11.72999,3.852289,10.21821,8.402623,14.02059,1.662523,
5,10.02585,11.70262,2.878822,1.753757,0,3.714676,14.69543,9.952817,2.871801,11.96527,12.13004,10.27197,9.877247,8.253553,10.15236,12.68587,14.63125,0.8161812,15.65672,2.329646,9.824607,13.10982,3.353055,4.5681,11.26655,4.671467,10.97843,14.20016,5.6948,6.052978,10.5218,6.700068,9.973845,5.550726,3.180912,3.354238,10.9231,8.254505,11.0703,0.3239527,10.802,3.243811,11.41436,5.465333,6.153825,11.85653,13.84486,8.709499,6.85515,1.896237,2.899373,5.104776,13.34236,5.949103,5.169471,7.439952,1.310167,10.15499,5.78153,8.202003,4.125566,14.69756,10.1238,6.236937,6.802203,8.043559,13.56781,7.564598,6.44905,1.308835,3.594684,13.03079,9.61639,2.203657,6.958277,7.141489,5.446709,6.96419,2.723285,5.307756,13.19928,3.298792,9.489122,7.376327,7.204649,4.734609,11.63,3.591923,14.98233,4.964729,0.6373573,10.90396,1.586959,7.650839,13.12157,5.560728,11.80647,9.75125,15.55705,0.2383842,
6,8.631146,10.55672,0.8899181,4.392373,3.714676,0,14.50405,8.300717,2.575448,12.6117,11.47371,9.174691,11.14744,9.359836,10.70958,12.66063,15.44417,3.497057,14.70609,5.048259,9.011886,13.44141,2.62642,5.593572,12.14663,3.976154,11.38535,13.95002,2.318015,2.33836,10.64354,7.786248,10.05662,5.284507,3.995838,1.645016,10.76268,6.139659,10.48338,3.891396,11.42997,2.119524,10.85571,1.750937,5.774547,10.98474,14.51624,9.402295,5.455019,1.908751,3.137835,3.260913,14.23816,6.25188,5.096656,9.009119,3.030713,10.45082,3.149411,8.804285,2.669445,15.03611,10.91586,2.611889,5.375262,8.578353,13.21049,8.747284,6.392166,4.967204,1.500468,12.35354,8.499326,4.738984,8.502078,6.815845,1.767121,7.390285,2.597571,6.970433,12.97941,0.4190556,9.908885,6.073735,7.891743,6.027778,12.56847,5.979875,14.63488,5.600419,3.229892,11.03834,4.056278,9.150225,12.07111,6.680412,11.5832,8.806763,14.93103,3.944954,
7,6.590291,4.834929,14.73273,13.07235,14.69543,14.50405,0,7.255913,12.4876,3.821677,3.274109,5.748679,6.430282,7.097631,4.896551,2.03769,4.044205,13.8963,3.13465,12.76548,5.607088,2.37228,12.16547,10.14788,4.783347,10.62648,4.021264,0.5757958,13.30035,14.88665,4.195561,8.280208,4.724594,9.392732,11.56925,12.98274,3.799845,9.363459,4.091599,14.99878,4.507648,12.61842,3.723774,14.70383,8.825054,4.002975,3.375375,6.250414,9.16166,14.07031,12.1242,11.28626,4.250785,8.759899,9.699458,8.348588,15.55674,4.634927,11.84455,6.625839,11.85886,2.119294,5.277735,14.04518,9.245415,6.733647,1.372547,7.699898,8.342171,14.54011,13.03967,2.630602,6.322159,12.70782,8.604727,7.762084,15.15074,7.736988,12.57564,9.870721,1.52787,14.52672,5.333784,8.560833,7.582707,10.0754,4.78355,11.72591,0.654189,9.731508,14.23277,3.832481,13.14047,8.105133,3.768875,9.272294,2.936764,5.892814,1.87228,14.67564,
8,0.7282375,2.514189,8.816431,8.854493,9.952817,8.300717,7.255913,0,7.139443,7.353937,3.990457,1.628534,7.844556,6.685326,6.01892,6.027486,9.849996,9.166241,6.564547,8.926812,2.237549,7.307599,6.680346,6.464372,7.555867,5.285064,6.055051,6.685118,6.537428,8.02558,5.021719,6.314085,4.659156,4.695058,6.968918,7.1378,4.474317,2.287293,3.420129,10.27533,6.564718,6.9634,3.716578,7.978121,4.183145,3.256778,8.818434,5.791081,3.101508,8.611443,7.054772,5.147095,9.065295,5.064847,5.102158,7.56974,10.32589,5.311737,5.215241,5.440922,6.03732,8.602858,6.647041,7.13126,3.159151,5.255651,5.887779,6.672758,4.374943,10.40868,7.067901,4.67932,1.409597,8.698469,7.366605,3.685131,8.441368,5.008401,7.277356,7.34931,5.924515,8.466802,5.356562,2.587838,5.515615,6.773403,7.958766,8.503309,7.143266,5.868221,9.342956,5.263939,8.740335,7.467186,3.977931,6.38935,4.86515,1.874076,7.069505,10.04079,
9,7.271574,9.043803,2.389306,2.414461,2.871801,2.575448,12.4876,7.139443,0,10.25059,9.66787,7.610723,8.625523,6.848847,8.354656,10.5512,13.05529,2.156788,13.10367,2.923014,7.261697,11.19501,0.4819958,3.02919,9.715304,1.942247,9.089597,11.95693,3.461941,4.455803,8.44593,5.256452,7.865658,3.095188,1.424308,1.05864,8.690544,5.382709,8.62537,3.185467,9.062069,0.6111073,8.987368,3.910189,3.673191,9.3002,12.16314,6.987185,4.039947,1.58952,0.5658798,2.250132,11.81908,3.872295,2.801023,6.439536,3.221976,8.182257,3.075347,6.404324,1.280962,12.80016,8.494815,4.24768,3.980457,6.194133,11.26347,6.216058,4.161335,3.651634,1.335478,10.56941,6.937915,2.59132,5.931514,4.731801,4.13116,5.01049,0.1514143,4.396994,10.96262,2.373991,7.587312,4.596359,5.448508,3.453518,10.12614,3.576282,12.69535,3.09673,2.239815,8.841327,2.130621,6.58609,10.51078,4.127098,9.552144,7.135777,13.14047,3.000861,
10,6.632758,5.776265,12.62906,10.23879,11.96527,12.6117,3.821677,7.353937,10.25059,0,4.252065,5.76127,2.670591,3.775181,1.90241,2.297462,2.842922,11.21839,6.562172,9.806064,5.133073,1.478945,10.04077,7.452974,0.9696418,8.644539,1.355777,3.655152,11.97081,13.55407,2.368514,5.267012,2.859208,7.334718,9.06771,10.98074,2.90812,8.825736,4.116354,12.24022,1.188622,10.53965,3.970719,13.23633,6.894997,4.923059,1.912598,3.284999,7.904054,11.74506,9.782566,9.674718,1.759987,6.384964,7.518771,4.885983,13.00669,2.27965,10.52914,3.84967,9.968316,2.837332,1.848492,12.82818,7.982269,4.056481,3.642563,4.457213,6.231848,11.56251,11.11246,4.468889,5.995039,9.821306,5.248065,5.936401,13.6393,5.242626,10.3022,6.756985,3.071151,12.53254,2.711812,7.425313,4.829481,7.232251,0.9992355,8.634424,4.418056,7.196301,11.60368,2.090455,10.37845,4.638628,5.700524,6.407987,2.874694,5.5023,5.556538,11.89856,
11,3.316588,1.698336,11.78928,10.64158,12.13004,11.47371,3.274109,3.990457,9.66787,4.252065,0,2.481153,5.94274,5.722769,3.882405,2.264948,6.200522,11.3148,3.57959,10.45831,2.461972,3.650013,9.295763,7.754671,4.864773,7.741749,3.349368,2.700156,10.11271,11.68464,2.652454,6.362452,2.827252,6.616552,8.949439,10.02988,1.803521,6.096681,1.060575,12.44707,4.020529,9.711705,0.7413746,11.53436,6.017351,0.7886567,5.210899,4.677787,6.040639,11.25546,9.377932,8.21789,5.699148,6.239423,6.975392,6.973229,12.84407,3.21229,8.673297,4.772773,8.886239,4.710325,4.535469,10.82728,6.123052,4.765221,1.901959,6.12113,5.684608,12.18641,10.05225,0.9031082,3.083264,10.33707,7.046738,4.992745,11.98807,5.429229,9.773575,7.891934,1.963907,11.53793,3.764572,5.425265,5.518326,7.813797,5.142869,9.598819,3.23255,7.244559,11.60618,2.569836,10.64865,6.767125,1.552478,7.098055,1.383363,2.692973,3.476444,12.14698,
12,0.9021763,1.434335,9.570133,8.957736,10.27197,9.174691,5.748679,1.628534,7.610723,5.76127,2.481153,0,6.494965,5.568207,4.554796,4.409419,8.222104,9.460293,5.540603,8.90501,0.8188416,5.679341,7.194137,6.259865,6.027388,5.671302,4.492012,5.173191,7.677811,9.234757,3.46949,5.54741,3.178121,4.744372,7.133082,7.824977,2.862623,3.615916,1.79656,10.59531,5.040802,7.560971,2.10881,9.110118,4.151543,1.845482,7.190976,4.57955,3.724192,9.169883,7.40798,5.918596,7.454913,4.735065,5.144469,6.612303,10.83148,3.821397,6.259696,4.351454,6.681186,6.992833,5.21173,8.36739,3.802325,4.215282,4.37662,5.695324,4.066085,10.53041,7.811338,3.274628,0.679731,8.724855,6.502636,3.309502,9.568055,4.316874,7.732545,6.832601,4.354236,9.27792,3.982717,3.108133,4.683788,6.460457,6.415017,8.266323,5.706051,5.682291,9.700114,3.678821,8.903143,6.469772,2.914567,5.908261,3.240364,0.6077089,5.803588,10.32401,
13,7.206339,7.06413,11.00136,8.123594,9.877247,11.14744,6.430282,7.844556,8.625523,2.670591,5.94274,6.494965,0,1.791734,2.073858,4.632445,4.847116,9.193357,8.910316,7.604114,5.700011,4.142232,8.521062,5.622715,1.715244,7.35252,2.673077,6.184536,10.96956,12.47551,3.320148,3.369117,3.37339,6.120311,7.289999,9.506702,4.172262,8.673076,5.351405,10.12354,2.02637,9.027944,5.389166,12.06975,5.86167,6.394389,4.231284,2.159269,7.305333,9.978674,8.09739,8.60322,3.548266,5.005192,6.168268,2.464083,11.02685,2.799797,9.628535,2.69578,8.646693,5.447402,1.407493,11.86859,7.368833,2.943503,5.992817,2.411078,5.141866,9.298229,9.691175,6.46413,6.444439,7.678298,2.923317,5.179487,12.4233,3.965425,8.644204,4.569879,5.422264,10.99297,2.512557,6.993288,3.354262,5.277284,1.921522,6.36572,6.989011,5.547135,9.604218,3.375926,8.316007,2.236983,7.495083,4.515345,4.660102,6.026156,8.05817,9.776672,
14,6.130527,6.450254,9.231001,6.509584,8.253553,9.359836,7.097631,6.685326,6.848847,3.775181,5.722769,5.568207,1.791734,0,2.201135,5.097479,6.377963,7.53513,9.090908,6.046488,4.749773,5.082192,6.733497,3.869954,3.015025,5.56641,3.077946,6.727981,9.200934,10.69447,3.161832,1.604478,2.895843,4.35167,5.535658,7.717808,3.947114,7.170715,4.882292,8.516761,2.688849,7.2407,5.041505,10.28262,4.135257,5.967191,5.609203,1.05451,5.672168,8.232741,6.328078,6.835656,5.092075,3.225747,4.382549,1.280108,9.354156,2.607174,7.882692,1.244454,6.856183,6.594019,1.936048,10.10259,5.729091,1.440426,6.332142,0.6900991,3.420522,7.793313,7.90027,6.434631,5.351857,6.079895,1.512717,3.57257,10.63339,2.238236,6.872381,2.988082,5.812539,9.211386,1.967217,5.431108,1.600478,3.563109,3.377999,4.860555,7.55922,3.761311,7.935654,3.413333,6.673084,1.054375,7.223635,2.768789,4.690416,5.01503,8.473014,8.172041,
15,5.336906,5.006389,10.72997,8.447511,10.15236,10.70958,4.896551,6.01892,8.354656,1.90241,3.882405,4.554796,2.073858,2.201135,0,2.903038,4.738313,9.389461,7.015295,8.056518,3.799867,2.968807,8.139536,5.605076,1.621728,6.744241,0.8802845,4.532341,10.11231,11.68732,1.246312,3.497177,1.376678,5.434946,7.19477,9.078335,2.099515,7.190292,3.284477,10.43597,0.725526,8.637839,3.315351,11.35649,5.006621,4.320777,3.811759,1.445621,6.107446,9.860018,7.89346,7.796911,3.576666,4.48547,5.616381,3.46055,11.15744,0.7456383,8.683226,1.968928,8.068752,4.545673,0.6791478,10.97997,6.18266,2.163337,4.176162,2.815708,4.334487,9.828573,9.210564,4.457667,4.610664,8.045094,3.709292,4.076687,11.75432,3.344373,8.408878,5.056001,3.638003,10.63044,0.8338139,5.670889,2.963065,5.422352,2.059647,6.936257,5.363195,5.317013,9.765373,1.340221,8.566936,3.22034,5.434228,4.595978,2.653167,4.151552,6.30885,10.09815,
16,5.308592,3.950162,12.83794,11.04834,12.68587,12.66063,2.03769,6.027486,10.5512,2.297462,2.264948,4.409419,4.632445,5.097479,2.903038,0,3.937424,11.89142,4.307103,10.73203,4.041652,1.387598,10.2507,8.128208,3.144109,8.730574,2.049946,1.630509,11.61457,13.21251,2.166997,6.243113,2.71474,7.466035,9.580506,11.10198,1.902238,7.911979,2.613796,12.98643,2.620998,10.7171,2.313497,12.9848,6.917917,3.038628,2.946779,4.219756,7.443846,12.12443,10.16533,9.493505,3.487899,6.769761,7.751803,6.363261,13.57533,2.597554,10.14864,4.588195,9.996836,2.590631,3.358587,12.40345,7.527483,4.698224,1.372111,5.681111,6.390758,12.50751,11.17779,2.236047,4.859307,10.67885,6.595335,5.858684,13.42093,5.721858,10.63244,7.834146,0.7954125,12.65735,3.296811,6.86969,5.54793,8.043845,3.288585,9.688225,2.461758,7.727477,12.2355,1.796555,11.12363,6.123374,3.524997,7.237751,1.183952,4.379761,3.437937,12.66052,
17,9.122061,7.887202,15.44024,12.88531,14.63125,15.44417,4.044205,9.849996,13.05529,2.842922,6.200522,8.222104,4.847116,6.377963,4.738313,3.937424,0,13.91072,7.175929,12.40296,7.710656,2.567155,12.86115,10.19189,3.371547,11.48231,4.151248,4.286749,14.80513,16.39142,5.086605,7.952831,5.630806,10.17322,11.83324,13.8092,5.408208,11.52437,6.447552,14.89254,4.015223,13.36259,6.196377,16.07808,9.737863,6.976003,1.033716,6.068239,10.71241,14.52503,12.57361,12.51642,1.299999,9.203538,10.34806,7.301036,15.72313,5.097521,13.35843,6.653529,12.80702,1.940135,4.566242,15.65703,10.79197,6.871431,4.777205,7.066657,9.072307,14.12356,13.94625,6.026903,8.570728,12.45164,7.736243,8.775346,16.48197,8.06084,13.10093,9.34413,4.378936,15.35658,5.554373,10.21247,7.610597,9.927996,3.002012,11.18425,4.676404,9.978197,14.30803,4.740896,13.05096,7.065977,7.33335,9.115561,5.016299,8.074536,5.870486,14.54723,
18,9.225059,10.89011,2.7634,1.150158,0.8161812,3.497057,13.8963,9.166241,2.156788,11.21839,11.3148,9.460293,9.193357,7.53513,9.389461,11.89142,13.91072,0,14.84054,1.81788,9.008899,12.33948,2.636878,3.789848,10.54105,3.881228,10.2069,13.39777,5.248115,5.804641,9.729609,5.962808,9.17773,4.73527,2.365383,2.802398,10.11861,7.519666,10.25522,1.137045,10.04847,2.604762,10.59992,5.214331,5.338212,11.04045,13.10689,7.950289,6.074354,1.588308,2.113796,4.406895,12.62719,5.143104,4.353347,6.780322,1.838507,9.37217,5.169351,7.431463,3.434516,13.93174,9.382918,5.875276,6.023891,7.2666,12.76057,6.849153,5.635124,1.567039,3.069283,12.21577,8.806511,1.605621,6.288347,6.325586,5.263852,6.172005,2.005459,4.629758,12.39666,3.104305,8.712019,6.584424,6.433185,3.988504,10.91293,3.029048,14.1771,4.165069,0.4270272,10.11372,0.887564,6.982172,12.3064,4.810682,11.00135,8.937224,14.74428,0.8745718,
19,6.104708,4.151852,15.11048,14.20372,15.65672,14.70609,3.13465,6.564547,13.10367,6.562172,3.57959,5.540603,8.910316,9.090908,7.015295,4.307103,7.175929,14.84054,0,14.03434,5.847927,5.279773,12.70421,11.3298,7.447721,11.16219,6.253885,3.007344,13.0886,14.58996,5.929155,9.898625,6.262444,10.1132,12.4779,13.36324,5.17977,8.851759,4.629975,15.97634,6.884174,13.088,4.319853,14.53023,9.509764,3.807397,6.490218,8.085985,9.263429,14.67881,12.85523,11.45577,7.327671,9.807613,10.48789,10.36826,16.31126,6.485924,11.7223,8.269274,12.21818,5.241477,7.57298,13.69564,9.34083,8.289476,2.935159,9.567472,9.232559,15.75524,13.35194,2.720129,6.219939,13.90786,10.50212,8.518552,14.99284,9.00722,13.21844,11.45,3.512236,14.81707,7.133979,8.648423,9.071568,11.39336,7.561405,13.17623,2.500754,10.8118,15.11579,5.698443,14.19981,10.14513,2.63536,10.67337,4.400951,5.971403,1.361421,15.68369,
20,8.841357,10.29312,4.439714,0.6845042,2.329646,5.048259,12.76548,8.926812,2.923014,9.806064,10.45831,8.90501,7.604114,6.046488,8.056518,10.73203,12.40296,1.81788,14.03434,0,8.331507,11.02514,3.287015,2.704773,9.05755,3.883473,8.911115,12.30157,6.379489,7.235731,8.570161,4.560286,8.057147,4.239165,2.08233,3.910703,9.071816,7.66586,9.404387,2.541168,8.668913,3.526745,9.721911,6.658845,4.791761,10.29887,11.65568,6.61359,5.987284,3.217405,2.51419,4.89697,11.10698,4.237025,3.829702,5.14872,3.59205,8.149573,5.904767,6.159388,4.056088,12.58903,7.957572,7.135969,5.959139,6.034618,11.72516,5.357382,4.859756,1.77675,4.200274,11.34152,8.300155,0.33179,4.681202,5.61062,6.788588,5.0747,2.802695,3.060912,11.30917,4.698668,7.460955,6.375415,5.184459,2.692569,9.402781,1.264135,13.10802,3.242953,2.239659,8.935577,1.010725,5.368261,11.61132,3.494902,9.953252,8.332136,13.78843,2.195683,
21,1.538521,1.981366,9.337612,8.431918,9.824607,9.011886,5.607088,2.237549,7.261697,5.133073,2.461972,0.8188416,5.700011,4.749773,3.799867,4.041652,7.710656,9.008899,5.847927,8.331507,0,5.215813,6.872349,5.650015,5.319338,5.323186,3.820896,5.035249,7.69458,9.279584,2.786502,4.776737,2.42972,4.274134,6.654266,7.579228,2.302467,3.872199,1.515497,10.14589,4.328318,7.27401,1.884527,9.104012,3.670821,2.040649,6.67706,3.761652,3.583627,8.842532,7.007475,5.756057,6.862055,4.110758,4.657714,5.804127,10.46408,3.081201,6.242399,3.536017,6.433803,6.627299,4.443747,8.440179,3.666524,3.405169,4.259292,4.887164,3.47192,9.999655,7.59513,3.345115,0.8645486,8.171182,5.707814,2.725495,9.554008,3.580791,7.374076,6.114508,4.129859,9.079248,3.188349,2.971487,3.906473,5.809595,5.721223,7.622195,5.658136,5.08976,9.274154,3.043876,8.401852,5.657699,3.301695,5.210316,2.858882,0.3692694,5.926314,9.860811,
22,6.581325,5.326643,13.54011,11.413,13.10982,13.44141,2.37228,7.307599,11.19501,1.478945,3.650013,5.679341,4.142232,5.082192,2.968807,1.387598,2.567155,12.33948,5.279773,11.02514,5.215813,0,10.93913,8.549931,2.448534,9.469416,2.132747,2.287822,12.57652,14.17456,2.807796,6.465232,3.392717,8.169296,10.1049,11.83989,2.930744,9.07262,3.892691,13.39659,2.393469,11.42479,3.631518,13.90658,7.667409,4.417543,1.561358,4.413563,8.421269,12.73519,10.76367,10.36543,2.147177,7.333355,8.407124,6.263749,14.08899,3.012789,11.11341,4.90837,10.77348,1.605417,3.158619,13.39793,8.503471,5.076218,2.475194,5.74048,7.064738,12.79651,11.9436,3.577959,6.065145,11.01305,6.587371,6.639264,14.32949,6.216116,11.2613,8.013911,1.966173,13.4009,3.635133,7.88095,5.906473,8.386285,2.414054,9.896365,2.993466,8.225036,12.7085,2.418865,11.52643,6.01594,4.882622,7.560708,2.453558,5.572526,4.17261,13.06025,
23,6.8299,8.624802,2.600981,2.826647,3.353055,2.62642,12.16547,6.680346,0.4819958,10.04077,9.295763,7.194137,8.521062,6.733497,8.139536,10.2507,12.86115,2.636878,12.70421,3.287015,6.872349,10.93913,0,3.000457,9.542183,1.554289,8.849651,11.62844,3.164773,4.291111,8.168549,5.161613,7.584654,2.785583,1.53936,0.989669,8.375908,4.901737,8.260666,3.665889,8.854167,0.507463,8.625723,3.774154,3.340513,8.906323,11.95129,6.801623,3.585597,1.976047,0.7824122,1.771512,11.64024,3.657697,2.533471,6.412715,3.656671,7.929872,2.641072,6.209091,0.8124798,12.54232,8.314571,3.994069,3.523693,5.989814,10.9233,6.122382,3.878445,4.118617,1.208319,10.19524,6.518428,2.958082,5.909183,4.403587,4.041659,4.800581,0.6324247,4.440792,10.63831,2.497439,7.355584,4.153134,5.278167,3.461441,9.96001,3.81768,12.35564,2.974236,2.720114,8.564595,2.561077,6.544075,10.10128,4.068365,9.228724,6.732914,12.77157,3.482842,
24,6.283715,7.623211,5.384264,2.928006,4.5681,5.593572,10.14788,6.464372,3.02919,7.452974,7.754671,6.259865,5.622715,3.869954,5.605076,8.128208,10.19189,3.789848,11.3298,2.704773,5.650015,8.549931,3.000457,0,6.822969,2.323057,6.417248,9.665078,5.903316,7.22444,5.961635,2.265477,5.423448,1.867881,1.66761,3.985121,6.406503,5.623343,6.699935,4.863004,6.274685,3.493228,7.019237,6.739538,2.289138,7.598582,9.353705,4.172297,3.827483,4.362813,2.484656,3.71098,8.925519,1.540306,1.5221,3.416457,5.554908,5.586916,4.865907,3.642691,3.34589,10.14367,5.634078,6.795601,3.827817,3.47707,9.061453,3.213089,2.193784,4.440014,4.207332,8.639919,5.684442,2.589232,2.910795,2.950362,7.032067,2.412185,3.034258,1.510546,8.66674,5.40284,4.922677,4.051756,2.644471,0.5073017,7.214758,2.040458,10.46017,0.596234,4.160609,6.340571,2.996137,3.557577,8.915036,1.107444,7.290772,5.673539,11.10328,4.533861,
25,6.854581,6.256959,12.10402,9.52429,11.26655,12.14663,4.783347,7.555867,9.715304,0.9696418,4.864773,6.027388,1.715244,3.015025,1.621728,3.144109,3.371547,10.54105,7.447721,9.05755,5.319338,2.448534,9.542183,6.822969,0,8.216042,1.571816,4.592407,11.67135,13.23395,2.560358,4.58139,2.90463,6.917852,8.469932,10.50431,3.289189,8.809175,4.538159,11.53133,0.9911613,10.04706,4.463903,12.88275,6.534766,5.460751,2.606152,2.744737,7.714436,11.16551,9.222737,9.334436,2.105739,5.89491,7.05673,4.028518,12.35173,2.255025,10.25706,3.345833,9.54048,3.739273,1.232738,12.54821,7.788413,3.579033,4.513543,3.705082,5.83893,10.79517,10.65589,5.208436,6.157691,9.094851,4.42606,5.653718,13.26927,4.760101,9.7553,5.996771,3.936631,12.03953,2.439153,7.288861,4.267733,6.556745,0.4415519,7.856423,5.370353,6.626103,10.93719,2.414076,9.684096,3.784327,6.376458,5.744088,3.489038,5.681844,6.490038,11.1868,
26,5.362655,7.105134,4.109014,3.662642,4.671467,3.976154,10.62648,5.285064,1.942247,8.644539,7.741749,5.671302,7.35252,5.56641,6.744241,8.730574,11.48231,3.881228,11.16219,3.883473,5.323186,9.469416,1.554289,2.323057,8.216042,0,7.40936,10.08574,3.68456,5.132269,6.678096,4.092089,6.091642,1.310155,1.804065,2.37489,6.845609,3.788056,6.706458,4.994747,7.467197,1.991948,7.07175,4.717307,1.81354,7.36009,10.54507,5.475477,2.200322,3.519358,1.772142,1.394203,10.29284,2.352236,1.184252,5.485468,5.160399,6.474847,2.546759,4.871479,1.325652,11.0671,6.983334,4.589398,2.155039,4.637089,9.374883,5.023746,2.416776,5.171732,2.476065,8.641544,5.000502,3.600935,5.011286,2.872316,5.077458,3.460729,2.061433,3.821644,9.098691,3.935096,5.937014,2.704865,4.014435,2.829292,8.645059,3.912678,10.80706,2.002606,4.070128,7.073755,3.502262,5.571065,8.568773,3.165592,7.690714,5.193562,11.21739,4.755796,
27,5.341774,4.687294,11.44884,9.286462,10.97843,11.38535,4.021264,6.055051,9.089597,1.355777,3.349368,4.492012,2.673077,3.077946,0.8802845,2.049946,4.151248,10.2069,6.253885,8.911115,3.820896,2.132747,8.849651,6.417248,1.571816,7.40936,0,3.671925,10.65713,12.2462,1.034727,4.357684,1.503468,6.101121,7.976711,9.768087,1.717378,7.471599,2.966396,11.2663,0.6731394,9.34129,2.901437,11.94359,5.629291,3.905189,3.163568,2.299635,6.564284,10.6183,8.647251,8.383905,3.115763,5.219625,6.31651,4.328424,11.95748,0.9487807,9.208007,2.776437,8.725954,3.731042,1.322375,11.50629,6.643347,2.943968,3.364955,3.695844,4.993338,10.68559,9.88497,3.800213,4.676364,8.890773,4.588118,4.638271,12.35385,4.09296,9.151474,5.926688,2.809843,11.32691,1.50719,6.076079,3.774212,6.259295,1.93004,7.804385,4.501052,6.096311,10.57579,0.8423022,9.395908,4.085896,4.888243,5.434962,2.008998,4.188715,5.479672,10.93074,
28,6.016711,4.278002,14.18908,12.59243,14.20016,13.95002,0.5757958,6.685118,11.95693,3.655152,2.700156,5.173191,6.184536,6.727981,4.532341,1.630509,4.286749,13.39777,3.007344,12.30157,5.035249,2.287822,11.62844,9.665078,4.592407,10.08574,3.671925,0,12.72945,14.31469,3.738821,7.848831,4.245943,8.861819,11.06175,12.43674,3.282895,8.78777,3.520014,14.50576,4.209037,12.0775,3.151135,14.13487,8.289278,3.435326,3.511981,5.841425,8.59521,13.54196,11.602,10.72631,4.323874,8.25624,9.175203,7.992882,15.04294,4.207994,11.27481,6.186427,11.30966,2.427621,4.965027,13.47181,8.678905,6.281318,0.7982137,7.308947,7.821233,14.07344,12.48973,2.085152,5.746639,12.23518,8.225131,7.227087,14.58253,7.252908,12.04723,9.441181,1.001227,13.97754,4.907632,7.992717,7.126945,9.60921,4.644335,11.28373,0.8312507,9.235556,13.72877,3.392504,12.65254,7.75246,3.273546,8.813761,2.407295,5.318601,1.901537,14.18528,
29,6.995032,8.961583,3.16039,5.829956,5.6948,2.318015,13.30035,6.537428,3.461941,11.97081,10.11271,7.677811,10.96956,9.200934,10.11231,11.61457,14.80513,5.248115,13.0886,6.379489,7.69458,12.57652,3.164773,5.903316,11.67135,3.68456,10.65713,12.72945,0,1.5992,9.783589,7.770471,9.210071,4.850216,4.681534,2.491843,9.725792,4.261544,9.209454,5.932273,10.83494,2.853698,9.579106,1.441647,5.147249,9.523282,13.81898,8.981728,4.171139,3.80128,3.938875,2.366349,13.68808,5.97736,4.844036,9.169624,5.265028,9.708951,1.466292,8.379393,2.575238,14.12322,10.45156,0.9052663,4.08764,8.132935,11.95304,8.689816,5.859186,6.812373,2.206085,10.94668,7.035931,6.047787,8.692674,6.037324,1.904499,7.01298,3.577211,7.410578,11.8083,2.679171,9.279926,4.750528,7.615375,6.404346,12.11012,6.981887,13.34028,5.672642,5.109999,10.16341,5.518691,9.255041,10.47116,6.838402,10.46735,7.424818,13.47756,5.901422,
30,8.522188,10.48721,3.19628,6.61268,6.052978,2.33836,14.88665,8.02558,4.455803,13.55407,11.68464,9.234757,12.47551,10.69447,11.68732,13.21251,16.39142,5.804641,14.58996,7.235731,9.279584,14.17456,4.291111,7.22444,13.23395,5.132269,12.2462,14.31469,1.5992,0,11.37976,9.217686,10.80496,6.362213,5.82478,3.397605,11.32469,5.738286,10.79506,6.225033,12.41131,3.863697,11.16359,0.5907025,6.699902,11.07903,15.40917,10.5272,5.769783,4.224272,5.000598,3.900598,15.26398,7.470537,6.31352,10.57691,5.291357,11.29759,3.065314,9.922763,3.893807,15.72237,12.0094,0.9061056,5.686355,9.678577,13.53526,10.15526,7.403542,7.300549,3.122373,12.50847,8.602909,6.912437,10.08714,7.61778,0.7417419,8.538736,4.534343,8.706969,13.39925,2.754642,10.85649,6.345913,9.124979,7.710244,13.67122,8.027617,14.91549,7.067614,5.559969,11.76051,6.280572,10.67956,11.98793,8.224559,12.06326,9.002764,15.02341,6.283277,
31,4.310472,3.780168,10.76711,8.881387,10.5218,10.64354,4.195561,5.021719,8.44593,2.368514,2.652454,3.46949,3.320148,3.161832,1.246312,2.166997,5.086605,9.729609,5.929155,8.570161,2.786502,2.807796,8.168549,5.961635,2.560358,6.678096,1.034727,3.738821,9.783589,11.37976,0,4.118122,0.5869256,5.386996,7.43037,9.052198,0.8554745,6.465892,2.050731,10.82131,1.581005,8.647153,2.06904,11.10295,4.869539,3.075076,4.070258,2.169824,5.64683,10.00656,8.039624,7.558185,4.121525,4.623717,5.646235,4.439321,11.42707,0.5665933,8.323964,2.452426,7.974288,4.393388,1.919312,10.61568,5.727845,2.542622,3.229675,3.658138,4.290589,10.34457,9.148093,3.288401,3.641679,8.513149,4.591858,3.833527,11.52387,3.557867,8.520332,5.709668,2.75957,10.61299,1.213231,5.130756,3.389464,5.879841,2.945865,7.545255,4.556441,5.568419,10.07768,0.3960761,8.957394,4.216145,4.200317,5.078094,1.529735,3.154113,5.363144,10.49459,
32,5.894885,6.695436,7.633411,4.972143,6.700068,7.786248,8.280208,6.314085,5.256452,5.267012,6.362452,5.54741,3.369117,1.604478,3.497177,6.243113,7.952831,5.962808,9.898625,4.560286,4.776737,6.465232,5.161613,2.265477,4.58139,4.092089,4.357684,7.848831,7.770471,9.217686,4.118122,0,3.670855,2.983526,3.931542,6.149939,4.74447,6.291938,5.379646,6.973342,4.113907,5.667298,5.628667,8.780648,2.924569,6.415665,7.145741,2.058074,4.613185,6.628274,4.729458,5.42536,6.676455,1.855484,2.927889,1.470117,7.770338,3.6456,6.52417,1.666017,5.341248,8.030304,3.423734,8.675714,4.654293,1.6109,7.341081,0.9611242,2.283372,6.33142,6.343917,7.180902,5.151738,4.558555,1.102403,2.729701,9.113974,1.308804,5.275579,1.59237,6.877131,7.625045,2.946424,4.52192,0.8751112,1.975617,4.962603,3.45212,8.67133,2.189903,6.356474,4.456445,5.113887,1.503704,7.738123,1.166686,5.59385,4.944129,9.461516,6.631553,
33,3.968211,3.705233,10.18248,8.349028,9.973845,10.05662,4.724594,4.659156,7.865658,2.859208,2.827252,3.178121,3.37339,2.895843,1.376678,2.71474,5.630806,9.17773,6.262444,8.057147,2.42972,3.392717,7.584654,5.423448,2.90463,6.091642,1.503468,4.245943,9.210071,10.80496,0.5869256,3.670855,0,4.80194,6.866759,8.46594,1.083023,5.971938,2.030469,10.27582,1.915611,8.062136,2.152205,10.52316,4.282685,3.110123,4.623545,1.85151,5.085276,9.429508,7.464472,6.975395,4.619174,4.056785,5.065084,4.148495,10.86252,0.6526073,7.75268,2.015214,7.387362,4.980218,2.038897,10.04694,5.165569,2.0663,3.683381,3.312541,3.707646,9.827905,8.561249,3.566143,3.255825,7.989311,4.245152,3.247169,10.94255,3.012444,7.941551,5.253012,3.252021,10.02664,0.9521745,4.582286,2.897258,5.364579,3.319387,7.062484,5.051085,5.013166,9.520777,0.9821373,8.416033,3.940252,4.334119,4.575387,1.924015,2.786456,5.792404,9.951655,
34,4.608242,6.166479,5.380728,4.225257,5.550726,5.284507,9.392732,4.695058,3.095188,7.334718,6.616552,4.744372,6.120311,4.35167,5.434946,7.466035,10.17322,4.73527,10.1132,4.239165,4.274134,8.169296,2.785583,1.867881,6.917852,1.310155,6.101121,8.861819,4.850216,6.362213,5.386996,2.983526,4.80194,0,2.389783,3.67089,5.597029,3.764036,5.563547,5.872314,6.158385,3.260202,5.919422,5.979049,0.6035824,6.308753,9.23492,4.183755,1.96481,4.68083,2.763548,2.484217,8.988255,1.138344,0.4097903,4.43815,6.229348,5.169034,3.548592,3.578471,2.633808,9.769548,5.685784,5.751095,1.97027,3.340071,8.171684,3.863055,1.107789,5.797218,3.784047,7.519656,4.107492,4.025575,4.00309,1.640167,6.355587,2.178707,3.186505,3.139994,7.867476,5.231731,4.626859,2.198841,2.766189,2.287245,7.34924,3.85834,9.60294,1.308247,5.002591,5.783053,4.159437,4.487157,7.571253,2.285093,6.457001,4.20658,10.07666,5.590569,
35,6.957255,8.556258,3.725662,1.888488,3.180912,3.995838,11.56925,6.968918,1.424308,9.06771,8.949439,7.133082,7.289999,5.535658,7.19477,9.580506,11.83324,2.365383,12.4779,2.08233,6.654266,10.1049,1.53936,1.66761,8.469932,1.804065,7.976711,11.06175,4.681534,5.82478,7.43037,3.931542,6.866759,2.389783,0,2.456472,7.779133,5.591363,7.889935,3.49913,7.882469,1.970584,8.23524,5.297489,2.988653,8.680968,10.97596,5.783101,3.950636,2.698878,0.858859,2.875071,10.57498,2.811034,1.997038,5.042238,3.996727,7.106492,3.953467,5.226095,2.152515,11.70724,7.268246,5.527084,3.915797,5.037519,10.4116,4.880695,3.271983,3.441227,2.713457,9.8505,6.49108,1.796912,4.532962,3.960859,5.541026,3.891654,1.400587,2.974606,10.06067,3.772444,6.470398,4.386601,4.238345,2.05037,8.867821,2.321204,11.83287,1.880465,2.670237,7.819954,1.78017,5.198972,9.954977,2.774695,8.659208,6.595825,12.38209,3.207218,
36,7.372983,9.239698,1.759531,3.341501,3.354238,1.645016,12.98274,7.1378,1.05864,10.98074,10.02988,7.824977,9.506702,7.717808,9.078335,11.10198,13.8092,2.802398,13.36324,3.910703,7.579228,11.83989,0.989669,3.985121,10.50431,2.37489,9.768087,12.43674,2.491843,3.397605,9.052198,6.149939,8.46594,3.67089,2.456472,0,9.212686,5.156485,9.013945,3.630989,9.796844,0.492962,9.383591,2.852159,4.18786,9.591465,12.88808,7.76059,4.119699,1.57778,1.61157,1.996144,12.59794,4.610647,3.462005,7.399817,3.286164,8.839144,2.441553,7.163944,1.146436,13.43926,9.274251,3.225421,4.046933,6.939909,11.71378,7.110438,4.777357,4.367826,0.2896263,10.92204,7.145248,3.580386,6.895425,5.243533,3.084573,5.750932,1.139703,5.407064,11.45509,1.561096,8.283624,4.724852,6.247119,4.438418,10.92518,4.63144,13.14412,3.961303,2.731026,9.447981,3.027512,7.532876,10.73923,5.057625,10.05024,7.406562,13.50356,3.535689,
37,3.747722,2.974264,10.95462,9.333797,10.9231,10.76268,3.799845,4.474317,8.690544,2.90812,1.803521,2.862623,4.172262,3.947114,2.099515,1.902238,5.408208,10.11861,5.17977,9.071816,2.302467,2.930744,8.375908,6.406503,3.289189,6.845609,1.717378,3.282895,9.725792,11.32469,0.8554745,4.74447,1.083023,5.597029,7.779133,9.212686,0,6.142937,1.249101,11.23043,2.350975,8.835729,1.219941,11.0884,5.036636,2.22985,4.374595,2.917851,5.555011,10.27159,8.324384,7.591363,4.592833,4.975689,5.899793,5.212951,11.76061,1.409464,8.259501,3.095881,8.101615,4.41075,2.767812,10.52506,5.638375,3.134851,2.655237,4.390947,4.542373,10.83503,9.2831,2.490746,3.163163,8.988878,5.324769,3.974185,11.52275,3.999912,8.777128,6.319674,2.282197,10.76521,1.980141,4.991271,3.950421,6.383081,3.636906,8.109758,4.059498,5.960435,10.44688,0.8752942,9.383271,4.998579,3.347186,5.610928,0.8845701,2.666676,4.733152,10.91255,
38,2.81999,4.768502,6.734939,7.442277,8.254505,6.139659,9.363459,2.287293,5.382709,8.825736,6.096681,3.615916,8.673076,7.170715,7.190292,7.911979,11.52437,7.519666,8.851759,7.66586,3.872199,9.07262,4.901737,5.623343,8.809175,3.788056,7.471599,8.78777,4.261544,5.738286,6.465892,6.291938,5.971938,3.764036,5.591363,5.156485,6.142937,0,5.333649,8.567574,7.84749,5.078894,5.68039,5.699444,3.489379,5.425811,10.49478,6.513932,1.799569,6.706563,5.438939,3.186047,10.58428,4.595311,4.10408,7.727858,8.43117,6.589307,2.999791,6.00806,4.153789,10.49931,7.717712,4.844607,1.79558,5.771994,7.991933,6.935059,4.022076,8.917399,5.036691,6.864424,3.063809,7.388138,7.393666,3.622085,6.162747,5.058044,5.531388,6.862374,7.945855,6.347466,6.401208,1.771531,5.687796,6.050968,9.242485,7.545319,9.314519,5.072182,7.621798,6.789705,7.261633,7.696696,6.256675,5.944368,6.728212,3.533179,9.323782,8.378778,
39,2.69748,1.73108,10.77321,9.582133,11.0703,10.48338,4.091599,3.420129,8.62537,4.116354,1.060575,1.79656,5.351405,4.882292,3.284477,2.613796,6.447552,10.25522,4.629975,9.404387,1.515497,3.892691,8.260666,6.699935,4.538159,6.706458,2.966396,3.520014,9.209454,10.79506,2.050731,5.379646,2.030469,5.563547,7.889935,9.013945,1.249101,5.333649,0,11.3871,3.596159,8.684468,0.3729947,10.61654,4.966194,1.085374,5.420571,3.827783,5.084474,10.21421,8.326455,7.238323,5.745185,5.180979,5.918861,6.096737,11.79265,2.551738,7.755653,3.841676,7.87378,5.200575,3.962767,9.955005,5.167894,3.806071,2.747474,5.216372,4.624125,11.12866,9.045996,1.960578,2.269842,9.279955,6.126672,3.935407,11.06538,4.393919,8.728825,6.882381,2.621675,10.53398,2.980088,4.477426,4.521382,6.769329,4.881752,8.5617,4.157179,6.185958,10.54834,2.124395,9.588161,5.904573,2.36892,6.066875,1.445029,1.812845,4.515692,11.0866,
40,10.34972,12.02576,3.033075,2.007278,0.3239527,3.891396,14.99878,10.27533,3.185467,12.24022,12.44707,10.59531,10.12354,8.516761,10.43597,12.98643,14.89254,1.137045,15.97634,2.541168,10.14589,13.39659,3.665889,4.863004,11.53133,4.994747,11.2663,14.50576,5.932273,6.225033,10.82131,6.973342,10.27582,5.872314,3.49913,3.630989,11.23043,8.567574,11.3871,0,11.08063,3.541412,11.73028,5.640841,6.475239,12.17703,14.11487,8.991833,7.177081,2.132365,3.222608,5.411378,13.60144,6.258375,5.489889,7.678021,1.246165,10.44919,6.066113,8.490307,4.432017,14.98164,10.39646,6.446028,7.123784,8.33527,13.87697,7.82706,6.764678,1.284643,3.863331,13.34746,9.940036,2.44556,7.201474,7.459989,5.598891,7.264644,3.037797,5.557556,13.50511,3.472806,9.780381,7.699574,7.493944,5.014562,11.89062,3.804827,15.28991,5.270458,0.9457778,11.20224,1.870468,7.892526,13.44343,5.841177,12.11418,10.07383,15.87095,0.346991,
41,5.864008,5.324867,11.4411,9.083771,10.802,11.42997,4.507648,6.564718,9.062069,1.188622,4.020529,5.040802,2.02637,2.688849,0.725526,2.620998,4.015223,10.04847,6.884174,8.668913,4.328318,2.393469,8.854167,6.274685,0.9911613,7.467197,0.6731394,4.209037,10.83494,12.41131,1.581005,4.113907,1.915611,6.158385,7.882469,9.796844,2.350975,7.84749,3.596159,11.08063,0,9.353757,3.554161,12.08181,5.732147,4.561992,3.101214,2.102724,6.814196,10.55736,8.59421,8.521969,2.853148,5.197515,6.334948,3.882617,11.82956,1.269204,9.403308,2.661436,8.792088,3.922195,0.7761417,11.70084,6.890313,2.868035,3.971451,3.35131,5.059089,10.4338,9.931535,4.468089,5.166807,8.672453,4.194555,4.798152,12.47984,4.054875,9.113579,5.636786,3.40436,11.34711,1.555057,6.364563,3.644248,6.067394,1.404791,7.519263,5.028754,6.009286,10.43029,1.482297,9.21512,3.635532,5.561054,5.241372,2.681557,4.690687,6.057697,10.74047,
42,7.154596,8.985756,2.12141,2.996919,3.243811,2.119524,12.61842,6.9634,0.6111073,10.53965,9.711705,7.560971,9.027944,7.2407,8.637839,10.7171,13.36259,2.604762,13.088,3.526745,7.27401,11.42479,0.507463,3.493228,10.04706,1.991948,9.34129,12.0775,2.853698,3.863697,8.647153,5.667298,8.062136,3.260202,1.970584,0.492962,8.835729,5.078894,8.684468,3.541412,9.353757,0,9.051791,3.328513,3.799792,9.299933,12.44935,7.305547,3.895611,1.648812,1.137039,1.893991,12.14416,4.159248,3.02546,6.908624,3.370528,8.418049,2.564843,6.711857,0.9322064,13.0268,8.818803,3.636881,3.827913,6.491196,11.36459,6.628228,4.360507,4.14729,0.7435701,10.60841,6.882412,3.194963,6.403833,4.861571,3.572981,5.301757,0.724097,4.914732,11.09063,1.994061,7.85023,4.484559,5.7842,3.945472,10.46556,4.180265,12.79651,3.480895,2.607234,9.043218,2.699535,7.043096,10.47409,4.568798,9.682535,7.119096,13.18806,3.401678,
43,3.001911,1.807137,11.14268,9.912275,11.41436,10.85571,3.723774,3.716578,8.987368,3.970719,0.7413746,2.10881,5.389166,5.041505,3.315351,2.313497,6.196377,10.59992,4.319853,9.721911,1.884527,3.631518,8.625723,7.019237,4.463903,7.07175,2.901437,3.151135,9.579106,11.16359,2.06904,5.628667,2.152205,5.919422,8.23524,9.383591,1.219941,5.68039,0.3729947,11.73028,3.554161,9.051791,0,10.98756,5.323919,1.010615,5.176264,3.989995,5.457098,10.57657,8.682926,7.611217,5.549418,5.50882,6.270593,6.278001,12.1487,2.606031,8.126336,4.053489,8.244099,4.887105,3.986564,10.32151,5.54049,4.036882,2.375727,5.413407,4.965622,11.45371,9.417018,1.622244,2.618536,9.603671,6.333963,4.286938,11.43677,4.688056,9.089665,7.152685,2.266312,10.90517,3.102265,4.849543,4.780868,7.073695,4.784885,8.857593,3.784185,6.513947,10.89705,2.072052,9.924088,6.077674,2.182575,6.356681,1.181058,2.17243,4.157244,11.42754,
44,8.435542,10.40186,2.616963,6.030971,5.465333,1.750937,14.70383,7.978121,3.910189,13.23633,11.53436,9.110118,12.06975,10.28262,11.35649,12.9848,16.07808,5.214331,14.53023,6.658845,9.104012,13.90658,3.774154,6.739538,12.88275,4.717307,11.94359,14.13487,1.441647,0.5907025,11.10295,8.780648,10.52316,5.979049,5.297489,2.852159,11.0884,5.699444,10.61654,5.640841,12.08181,3.328513,10.98756,0,6.352402,10.95518,15.10665,10.15984,5.548867,3.633572,4.462313,3.561666,14.93077,7.06787,5.90154,10.11651,4.727464,10.9951,2.86209,9.554468,3.439857,15.46866,11.65368,1.098799,5.464985,9.313211,13.36311,9.726356,7.043903,6.710289,2.584943,12.3749,8.463307,6.337047,9.621965,7.305657,0.4633259,8.157403,3.981931,8.208391,13.20368,2.168491,10.52958,6.143461,8.728644,7.218104,13.31754,7.472724,14.75759,6.612676,4.969508,11.4883,5.69806,10.22723,11.91219,7.760952,11.84911,8.843013,14.91226,5.695024,
45,4.050824,5.569639,5.920125,4.808247,6.153825,5.774547,8.825054,4.183145,3.673191,6.894997,6.017351,4.151543,5.86167,4.135257,5.006621,6.917917,9.737863,5.338212,9.509764,4.791761,3.670821,7.667409,3.340513,2.289138,6.534766,1.81354,5.629291,8.289278,5.147249,6.699902,4.869539,2.924569,4.282685,0.6035824,2.988653,4.18786,5.036636,3.489379,4.966194,6.475239,5.732147,3.799792,5.323919,6.352402,0,5.705173,8.781722,3.834648,1.722965,5.262056,3.360628,2.799726,8.578793,1.116805,0.9935501,4.394349,6.826855,4.687215,3.77034,3.233157,3.106069,9.261595,5.309503,6.035177,1.753156,2.986033,7.590649,3.721538,0.7198538,6.381072,4.278565,6.920433,3.522573,4.591508,4.001689,1.063082,6.747742,1.900336,3.770189,3.381195,7.298073,5.747051,4.183706,1.797815,2.535523,2.641568,6.971529,4.322934,9.022717,1.695663,5.606071,5.264697,4.752373,4.410052,6.968782,2.455048,5.888291,3.607516,9.480889,6.192213,
46,2.613645,0.9125043,11.34626,10.43332,11.85653,10.98474,4.002975,3.256778,9.3002,4.923059,0.7886567,1.845482,6.394389,5.967191,4.320777,3.038628,6.976003,11.04045,3.807397,10.29887,2.040649,4.417543,8.906323,7.598582,5.460751,7.36009,3.905189,3.435326,9.523282,11.07903,3.075076,6.415665,3.110123,6.308753,8.680968,9.591465,2.22985,5.425811,1.085374,12.17703,4.561992,9.299933,1.010615,10.95518,5.705173,0,5.978758,4.912711,5.530257,10.87881,9.04784,7.72397,6.433861,6.061876,6.687145,7.176847,12.50462,3.602958,8.102821,4.911722,8.44503,5.498541,4.994107,10.20922,5.61062,4.864001,2.641171,6.291318,5.457856,11.99458,9.594697,1.43864,2.499211,10.15492,7.195408,4.729171,11.4128,5.367908,9.413569,7.886596,2.748212,11.07193,4.061575,4.911396,5.548439,7.708111,5.769801,9.514481,3.895037,7.059191,11.31094,3.080735,10.41622,6.986954,1.330435,7.040117,2.058345,2.185133,3.961749,11.88814,
47,8.090364,6.887383,14.541,12.10955,13.84486,14.51624,3.375375,8.818434,12.16314,1.912598,5.210899,7.190976,4.231284,5.609203,3.811759,2.946779,1.033716,13.10689,6.490218,11.65568,6.67706,1.561358,11.95129,9.353705,2.606152,10.54507,3.163568,3.511981,13.81898,15.40917,4.070258,7.145741,4.623545,9.23492,10.97596,12.88808,4.374595,10.49478,5.420571,14.11487,3.101214,12.44935,5.176264,15.10665,8.781722,5.978758,0,5.193072,9.708764,13.65626,11.69472,11.5463,0.9494361,8.296601,9.426663,6.627689,14.90376,4.112343,12.36732,5.761865,11.867,1.484088,3.724184,14.66447,9.788949,5.969007,3.901829,6.298582,8.129431,13.39854,13.01629,5.097062,7.537018,11.6851,7.031932,7.801016,15.51562,7.154603,12.21477,8.596335,3.455012,14.44154,4.608068,9.200541,6.738772,9.118402,2.312221,10.46082,4.028359,9.106902,13.49639,3.717419,12.2593,6.385169,6.406074,8.297285,3.995245,7.040843,5.245856,13.77157,
48,5.196727,5.406651,9.373137,7.002033,8.709499,9.402295,6.250414,5.791081,6.987185,3.284999,4.677787,4.57955,2.159269,1.05451,1.445621,4.219756,6.068239,7.950289,8.085985,6.61359,3.761652,4.413563,6.801623,4.172297,2.744737,5.475477,2.299635,5.841425,8.981728,10.5272,2.169824,2.058074,1.85151,4.183755,5.783101,7.76059,2.917851,6.513932,3.827783,8.991833,2.102724,7.305547,3.989995,10.15984,3.834648,4.912711,5.193072,0,5.175005,8.464734,6.507327,6.627687,4.838642,3.150419,4.312388,2.297266,9.727195,1.642429,7.595088,0.6054062,6.798613,5.990422,1.513662,9.869392,5.241601,0.8489225,5.387474,1.488366,3.124213,8.38708,7.911151,5.408592,4.42003,6.599649,2.422137,3.052964,10.53931,2.016184,7.032903,3.633085,4.891986,9.298986,0.9565955,4.840198,1.545973,3.977566,3.170352,5.506905,6.670007,3.915028,8.329649,2.463809,7.123465,2.089462,6.171331,3.151018,3.695976,4.049092,7.526423,8.653519,
49,3.2596,5.12543,5.852705,5.835673,6.85515,5.455019,9.16166,3.101508,4.039947,7.904054,6.040639,3.724192,7.305333,5.672168,6.107446,7.443846,10.71241,6.074354,9.263429,5.987284,3.583627,8.421269,3.585597,3.827483,7.714436,2.200322,6.564284,8.59521,4.171139,5.769783,5.64683,4.613185,5.085276,1.96481,3.950636,4.119699,5.555011,1.799569,5.084474,7.177081,6.814196,3.895611,5.457098,5.548867,1.722965,5.530257,9.708764,5.175005,0,5.535867,3.960673,2.195379,9.649748,2.839634,2.312867,6.075349,7.239504,5.624875,2.704948,4.610531,2.986393,9.956612,6.537135,4.977073,0.0838835,4.362017,7.831152,5.343629,2.332343,7.364722,4.091769,6.909734,3.046564,5.729379,5.704445,2.126008,5.99179,3.462247,4.176765,5.071863,7.656363,5.553841,5.277753,0.6188651,4.109497,4.251447,8.155859,5.775184,9.239316,3.272763,6.242581,6.01846,5.693359,6.071007,6.632116,4.166727,6.301188,3.357312,9.481963,6.948311,
50,8.791465,10.59999,1.22237,2.540927,1.896237,1.908751,14.07031,8.611443,1.58952,11.74506,11.25546,9.169883,9.978674,8.232741,9.860018,12.12443,14.52503,1.588308,14.67881,3.217405,8.842532,12.73519,1.976047,4.362813,11.16551,3.519358,10.6183,13.54196,3.80128,4.224272,10.00656,6.628274,9.429508,4.68083,2.698878,1.57778,10.27159,6.706563,10.21421,2.132365,10.55736,1.648812,10.57657,3.633572,5.262056,10.87881,13.65626,8.464734,5.535867,0,1.971526,3.523021,13.27106,5.401846,4.373601,7.677861,1.725773,9.724014,4.008953,7.896137,2.579441,14.34048,9.958828,4.348974,5.469913,7.696891,12.85152,7.573102,5.734291,3.08416,1.771522,12.15656,8.493771,2.929243,7.1698,6.319338,3.675592,6.526273,1.494758,5.545491,12.54648,1.519004,9.11187,6.116565,6.918848,4.708475,11.56545,4.269285,14.28317,4.549718,1.343369,10.401,2.207779,7.850518,12.07731,5.467063,11.13611,8.707907,14.72893,2.109682,
51,7.130996,8.841947,2.90401,2.093023,2.899373,3.137835,12.1242,7.054772,0.5658798,9.782566,9.377932,7.40798,8.09739,6.328078,7.89346,10.16533,12.57361,2.113796,12.85523,2.51419,7.007475,10.76367,0.7824122,2.484656,9.222737,1.772142,8.647251,11.602,3.938875,5.000598,8.039624,4.729458,7.464472,2.763548,0.858859,1.61157,8.324384,5.438939,8.326455,3.222608,8.59421,1.137039,8.682926,4.462313,3.360628,9.04784,11.69472,6.507327,3.960673,1.971526,0,2.434237,11.32819,3.430347,2.427606,5.886334,3.466247,7.752648,3.393577,5.932903,1.544733,12.36895,8.008448,4.753587,3.910106,5.730142,10.92452,5.68639,3.782029,3.48404,1.878886,10.28099,6.744165,2.187713,5.37766,4.400782,4.692515,4.556045,0.5498658,3.832844,10.60386,2.923085,7.14111,4.476973,4.963083,2.896582,9.628819,3.052639,12.35393,2.596709,2.300833,8.433513,1.857241,6.036962,10.28573,3.588475,9.194717,6.90697,12.84017,2.987639,
52,5.410708,7.311895,3.68033,4.525683,5.104776,3.260913,11.28626,5.147095,2.250132,9.674718,8.21789,5.918596,8.60322,6.835656,7.796911,9.493505,12.51642,4.406895,11.45577,4.89697,5.756057,10.36543,1.771512,3.71098,9.334436,1.394203,8.383905,10.72631,2.366349,3.900598,7.558185,5.42536,6.975395,2.484217,2.875071,1.996144,7.591363,3.186047,7.238323,5.411378,8.521969,1.893991,7.611217,3.561666,2.799726,7.72397,11.5463,6.627687,2.195379,3.523021,2.434237,0,11.37255,3.614445,2.499278,6.846645,5.24866,7.435804,1.155,6.023735,0.9793691,11.93908,8.109011,3.266936,2.116451,5.778869,9.975855,6.333292,3.503543,5.883717,1.923015,9.094647,5.241642,4.582009,6.381809,3.745665,3.970393,4.648553,2.401499,5.214222,9.767719,3.362584,6.968849,2.813655,5.249026,4.218124,9.771251,5.154347,11.39469,3.391512,4.468067,7.946785,4.288997,6.919771,8.822587,4.549524,8.385201,5.546117,11.67091,5.244984,
53,8.339716,7.324652,14.20728,11.59449,13.34236,14.23816,4.250785,9.065295,11.81908,1.759987,5.699148,7.454913,3.548266,5.092075,3.576666,3.487899,1.299999,12.62719,7.327671,11.10698,6.862055,2.147177,11.64024,8.925519,2.105739,10.29284,3.115763,4.323874,13.68808,15.26398,4.121525,6.676455,4.619174,8.988255,10.57498,12.59794,4.592833,10.58428,5.745185,13.60144,2.853148,12.14416,5.549418,14.93077,8.578793,6.433861,0.9494361,4.838642,9.649748,13.27106,11.32819,11.37255,0,7.987307,9.1432,6.001039,14.44417,4.032023,12.25516,5.434042,11.61845,2.433427,3.325957,14.55318,9.727154,5.660604,4.613905,5.779094,7.896817,12.82476,12.7442,5.713488,7.7263,11.159,6.437304,7.651119,15.32565,6.847891,11.86011,8.049562,4.113348,14.13762,4.408197,9.179567,6.370642,8.649529,1.714541,9.8858,4.904706,8.731498,13.02693,3.821938,11.76416,5.766104,7.011317,7.841675,4.386528,7.23105,6.121897,13.25579,
54,4.815331,6.086247,6.244514,4.403645,5.949103,6.25188,8.759899,5.064847,3.872295,6.384964,6.239423,4.735065,5.005192,3.225747,4.48547,6.769761,9.203538,5.143104,9.807613,4.237025,4.110758,7.333355,3.657697,1.540306,5.89491,2.352236,5.219625,8.25624,5.97736,7.470537,4.623717,1.855484,4.056785,1.138344,2.811034,4.610647,4.975689,4.595311,5.180979,6.258375,5.197515,4.159248,5.50882,7.06787,1.116805,6.061876,8.296601,3.150419,2.839634,5.401846,3.430347,3.614445,7.987307,0,1.171283,3.320412,6.8058,4.322481,4.686914,2.553435,3.663579,8.938676,4.663993,6.880254,2.869748,2.332129,7.618764,2.724766,0.6927424,5.947896,4.761598,7.131064,4.179669,4.100422,2.905405,1.434282,7.42955,1.142937,3.931962,2.318985,7.255016,6.153308,3.71555,2.867396,1.662349,1.735159,6.318099,3.531994,9.034002,1.005181,5.473165,5.015172,4.424867,3.358026,7.376053,1.367259,5.858245,4.143073,9.624045,5.944571,
55,5.017788,6.563178,5.13393,3.818945,5.169471,5.096656,9.699458,5.102158,2.801023,7.518771,6.975392,5.144469,6.168268,4.382549,5.616381,7.751803,10.34806,4.353347,10.48789,3.829702,4.657714,8.407124,2.533471,1.5221,7.05673,1.184252,6.31651,9.175203,4.844036,6.31352,5.646235,2.927889,5.065084,0.4097903,1.997038,3.462005,5.899793,4.10408,5.918861,5.489889,6.334948,3.02546,6.270593,5.90154,0.9935501,6.687145,9.426663,4.312388,2.312867,4.373601,2.427606,2.499278,9.1432,1.171283,0,4.349605,5.884458,5.396773,3.614814,3.711251,2.49244,10.01102,5.824471,5.749105,2.309553,3.482613,8.497239,3.84777,1.361045,5.39141,3.601018,7.87808,4.511699,3.615911,3.891267,1.983724,6.259617,2.29668,2.880667,2.8835,8.177682,5.015289,4.824936,2.589661,2.833196,1.97457,7.48244,3.474262,9.926389,1.008467,4.632036,6.041894,3.75893,4.420493,7.958031,2.094685,6.768053,4.600703,10.42614,5.203097,
56,7.080988,7.602793,8.764174,5.687398,7.439952,9.009119,8.348588,7.56974,6.439536,4.885983,6.973229,6.612303,2.464083,1.280108,3.46055,6.363261,7.301036,6.780322,10.36826,5.14872,5.804127,6.263749,6.412715,3.416457,4.028518,5.485468,4.328424,7.992882,9.169624,10.57691,4.439321,1.470117,4.148495,4.43815,5.042238,7.399817,5.212951,7.727858,6.096737,7.678021,3.882617,6.908624,6.278001,10.11651,4.394349,7.176847,6.627689,2.297266,6.075349,7.677861,5.886334,6.846645,6.001039,3.320412,4.349605,0,8.618603,3.886739,7.962282,2.291005,6.683808,7.723308,3.108503,10.07403,6.118405,2.399356,7.610202,0.9170322,3.743035,6.834196,7.616301,7.703251,6.311837,5.236665,0.5094224,4.124356,10.42773,2.677379,6.435602,2.155682,7.087039,8.809414,3.237312,5.956447,2.079324,2.991892,4.326054,3.903774,8.823741,3.509588,7.197739,4.693301,5.896118,0.2479315,8.454989,2.355768,5.968688,6.030887,9.750537,7.33104,
57,10.48648,12.265,2.141289,2.962631,1.310167,3.030713,15.55674,10.32589,3.221976,13.00669,12.84407,10.83148,11.02685,9.354156,11.15744,13.57533,15.72313,1.838507,16.31126,3.59205,10.46408,14.08899,3.656671,5.554908,12.35173,5.160399,11.95748,15.04294,5.265028,5.291357,11.42707,7.770338,10.86252,6.229348,3.996727,3.286164,11.76061,8.43117,11.79265,1.246165,11.82956,3.370528,12.1487,4.727464,6.826855,12.50462,14.90376,9.727195,7.239504,1.725773,3.466247,5.24866,14.44417,6.8058,5.884458,8.618603,0,11.09873,5.682388,9.19088,4.302547,15.68814,11.18045,5.642561,7.175819,9.013665,14.37754,8.670937,7.225425,2.530654,3.448544,13.74711,10.15947,3.422197,8.125832,7.864385,4.613647,7.884362,3.098981,6.466981,14.04273,2.623207,10.45419,7.809731,8.194471,5.795228,12.72965,4.839576,15.80435,5.868482,1.422679,11.81665,2.724866,8.819594,13.7275,6.609523,12.63679,10.34986,16.3059,1.513718,
58,4.619703,4.267052,10.53065,8.488677,10.15499,10.45082,4.634927,5.311737,8.182257,2.27965,3.21229,3.821397,2.799797,2.607174,0.7456383,2.597554,5.097521,9.37217,6.485924,8.149573,3.081201,3.012789,7.929872,5.586916,2.255025,6.474847,0.9487807,4.207994,9.708951,11.29759,0.5665933,3.6456,0.6526073,5.169034,7.106492,8.839144,1.409464,6.589307,2.551738,10.44919,1.269204,8.418049,2.606031,10.9951,4.687215,3.602958,4.112343,1.642429,5.624875,9.724014,7.752648,7.435804,4.032023,4.322481,5.396773,3.886739,11.09873,0,8.260915,1.993626,7.788026,4.618083,1.422686,10.55951,5.703321,2.119177,3.745989,3.126985,4.061829,9.926235,8.95091,3.854454,3.908269,8.107834,4.05714,3.690147,11.40596,3.214928,8.248642,5.236952,3.250622,10.39931,0.6998933,5.147571,2.9684,5.469622,2.673976,7.091692,5.034225,5.230246,9.731168,0.8214443,8.580193,3.660504,4.756332,4.655308,2.085059,3.438833,5.886044,10.11799,
59,5.617603,7.577697,3.803618,5.467618,5.78153,3.149411,11.84455,5.215241,3.075347,10.52914,8.673297,6.259696,9.628535,7.882692,8.683226,10.14864,13.35843,5.169351,11.7223,5.904767,6.242399,11.11341,2.641072,4.865907,10.25706,2.546759,9.208007,11.27481,1.466292,3.065314,8.323964,6.52417,7.75268,3.548592,3.953467,2.441553,8.259501,2.999791,7.755653,6.066113,9.403308,2.564843,8.126336,2.86209,3.77034,8.102821,12.36732,7.595088,2.704948,4.008953,3.393577,1.155,12.25516,4.686914,3.614814,7.962282,5.682388,8.260915,0,6.997569,1.849066,12.65765,9.045114,2.299047,2.621413,6.748806,10.50166,7.411434,4.48961,6.708866,2.239894,9.517632,5.606844,5.580266,7.506027,4.60716,3.314777,5.663173,3.221031,6.368194,10.34829,3.385291,7.849616,3.287841,6.284607,5.373007,10.6973,6.261753,11.89554,4.536179,5.150241,8.702153,5.199448,8.025224,9.093334,5.688063,9.002971,5.981338,12.06324,5.952009,
60,4.889438,5.312155,8.787218,6.514572,8.202003,8.804285,6.625839,5.440922,6.404324,3.84967,4.772773,4.351454,2.69578,1.244454,1.968928,4.588195,6.653529,7.431463,8.269274,6.159388,3.536017,4.90837,6.209091,3.642691,3.345833,4.871479,2.776437,6.186427,8.379393,9.922763,2.452426,1.666017,2.015214,3.578471,5.226095,7.163944,3.095881,6.00806,3.841676,8.490307,2.661436,6.711857,4.053489,9.554468,3.233157,4.911722,5.761865,0.6054062,4.610531,7.896137,5.932903,6.023735,5.434042,2.553435,3.711251,2.291005,9.19088,1.993626,6.997569,0,6.195211,6.500994,2.113307,9.268333,4.674824,0.2502906,5.675619,1.385193,2.520693,7.936117,7.311446,5.560298,4.111191,6.125273,2.284996,2.484532,9.933978,1.414619,6.453681,3.257242,5.211836,8.705821,1.301571,4.303755,0.9983023,3.488689,3.773607,5.100282,7.007298,3.349488,7.802937,2.795743,6.619853,2.127924,6.21001,2.668353,3.933441,3.786479,7.798959,8.155334,
61,6.245093,8.098625,2.903814,3.626558,4.125566,2.669445,11.85886,6.03732,1.280962,9.968316,8.886239,6.681186,8.646693,6.856183,8.068752,9.996836,12.80702,3.434516,12.21818,4.056088,6.433803,10.77348,0.8124798,3.34589,9.54048,1.325652,8.725954,11.30966,2.575238,3.893807,7.974288,5.341248,7.387362,2.633808,2.152515,1.146436,8.101615,4.153789,7.87378,4.432017,8.792088,0.9322064,8.244099,3.439857,3.106069,8.44503,11.867,6.798613,2.986393,2.579441,1.544733,0.9793691,11.61845,3.663579,2.49244,6.683808,4.302547,7.788026,1.849066,6.195211,0,12.36714,8.307741,3.456063,2.915889,5.961823,10.5811,6.289099,3.737576,4.929711,1.181658,9.777355,6.001516,3.731233,6.193337,4.146854,3.777704,4.782824,1.432154,4.845956,10.33201,2.667937,7.259336,3.585885,5.324577,3.841365,9.968743,4.473654,12.01018,3.175599,3.488763,8.368991,3.368884,6.789799,9.595712,4.33076,8.930502,6.260142,12.35894,4.267335,
62,7.888834,6.402655,15.14322,12.9921,14.69756,15.03611,2.119294,8.602858,12.80016,2.837332,4.710325,6.992833,5.447402,6.594019,4.545673,2.590631,1.940135,13.93174,5.241477,12.58903,6.627299,1.605417,12.54232,10.14367,3.739273,11.0671,3.731042,2.427621,14.12322,15.72237,4.393388,8.030304,4.980218,9.769548,11.70724,13.43926,4.41075,10.49931,5.200575,14.98164,3.922195,13.0268,4.887105,15.46866,9.261595,5.498541,1.484088,5.990422,9.956612,14.34048,12.36895,11.93908,2.433427,8.938676,10.01102,7.723308,15.68814,4.618083,12.65765,6.500994,12.36714,0,4.657992,14.93165,10.03956,6.674487,3.0343,7.267472,8.666314,14.35555,13.53963,4.353697,7.44972,12.58653,8.080402,8.226455,15.89604,7.820076,12.86668,9.558487,2.759504,15.00036,5.236849,9.40035,7.499213,9.967882,3.554813,11.4406,2.740727,9.826986,14.30383,3.999699,13.11246,7.475924,5.628325,9.141399,3.77387,6.968804,3.9304,14.64377,
63,5.97602,5.685499,10.88233,8.39338,10.1238,10.91586,5.277735,6.647041,8.494815,1.848492,4.535469,5.21173,1.407493,1.936048,0.6791478,3.358587,4.566242,9.382918,7.57298,7.957572,4.443747,3.158619,8.314571,5.634078,1.232738,6.983334,1.322375,4.965027,10.45156,12.0094,1.919312,3.423734,2.038897,5.685784,7.268246,9.274251,2.767812,7.717712,3.962767,10.39646,0.7761417,8.818803,3.986564,11.65368,5.309503,4.994107,3.724184,1.513662,6.537135,9.958828,8.008448,8.109011,3.325957,4.663993,5.824471,3.108503,11.18045,1.422686,9.045114,2.113307,8.307741,4.657992,0,11.33202,6.609012,2.346419,4.686727,2.612111,4.609953,9.71475,9.424191,5.072867,5.237451,7.974065,3.431251,4.451423,12.03851,3.52779,8.537738,4.909934,4.128819,10.812,1.322387,6.138669,3.046656,5.394552,1.664026,6.789137,5.788904,5.412378,9.772245,1.970694,8.537501,2.861121,6.087889,4.573103,3.26567,4.789026,6.795122,10.05414,
64,7.639724,9.602432,3.501384,6.555406,6.236937,2.611889,14.04518,7.13126,4.24768,12.82818,10.82728,8.36739,11.86859,10.10259,10.97997,12.40345,15.65703,5.875276,13.69564,7.135969,8.440179,13.39793,3.994069,6.795601,12.54821,4.589398,11.50629,13.47181,0.9052663,0.9061056,10.61568,8.675714,10.04694,5.751095,5.527084,3.225421,10.52506,4.844607,9.955005,6.446028,11.70084,3.636881,10.32151,1.098799,6.035177,10.20922,14.66447,9.869392,4.977073,4.348974,4.753587,3.266936,14.55318,6.880254,5.749105,10.07403,5.642561,10.55951,2.299047,9.268333,3.456063,14.93165,11.33202,0,4.89465,9.021054,12.68844,9.594366,6.749863,7.421055,2.935974,11.64201,7.744023,6.805787,9.596164,6.903303,1.498923,7.90895,4.35055,8.300212,12.56712,3.021719,10.14661,5.534705,8.514851,7.294569,12.98781,7.806027,14.05969,6.574955,5.688456,10.99136,6.23389,10.16013,11.09908,7.74053,11.24552,8.154307,14.14575,6.456193,
65,3.329219,5.20121,5.777421,5.798788,6.802203,5.375262,9.245415,3.159151,3.980457,7.982269,6.123052,3.802325,7.368833,5.729091,6.18266,7.527483,10.79197,6.023891,9.34083,5.959139,3.666524,8.503471,3.523693,3.827817,7.788413,2.155039,6.643347,8.678905,4.08764,5.686355,5.727845,4.654293,5.165569,1.97027,3.915797,4.046933,5.638375,1.79558,5.167894,7.123784,6.890313,3.827913,5.54049,5.464985,1.753156,5.61062,9.788949,5.241601,0.0838835,5.469913,3.910106,2.116451,9.727154,2.869748,2.309553,6.118405,7.175819,5.703321,2.621413,4.674824,2.915889,10.03956,6.609012,4.89465,0,4.425971,7.914658,5.393484,2.376349,7.323553,4.016231,6.991494,3.125192,5.698453,5.743202,2.190547,5.907919,3.514323,4.118208,5.088181,7.740222,5.47624,5.352439,0.6996676,4.162028,4.257476,8.229883,5.764374,9.322537,3.278427,6.187926,6.099959,5.652545,6.116955,6.708928,4.188896,6.38503,3.438861,9.563179,6.897463,
66,4.721104,5.225056,8.573493,6.369917,8.043559,8.578353,6.733647,5.255651,6.194133,4.056481,4.765221,4.215282,2.943503,1.440426,2.163337,4.698224,6.871431,7.2666,8.289476,6.034618,3.405169,5.076218,5.989814,3.47707,3.579033,4.637089,2.943968,6.281318,8.132935,9.678577,2.542622,1.6109,2.0663,3.340071,5.037519,6.939909,3.134851,5.771994,3.806071,8.33527,2.868035,6.491196,4.036882,9.313211,2.986033,4.864001,5.969007,0.8489225,4.362017,7.696891,5.730142,5.778869,5.660604,2.332129,3.482613,2.399356,9.013665,2.119177,6.748806,0.2502906,5.961823,6.674487,2.346419,9.021054,4.425971,0,5.746642,1.482795,2.275346,7.810748,7.083628,5.573283,3.944825,5.988931,2.341803,2.236051,9.694643,1.189454,6.246606,3.186912,5.298187,8.485223,1.445661,4.060866,0.850267,3.350851,4.009297,5.004295,7.09709,3.157606,7.63276,2.901695,6.465284,2.255219,6.174019,2.539806,3.990247,3.639482,7.858585,8.002561,
67,5.218499,3.495567,13.46971,11.98835,13.56781,13.21049,1.372547,5.887779,11.26347,3.642563,1.901959,4.37662,5.992817,6.332142,4.176162,1.372111,4.777205,12.76057,2.935159,11.72516,4.259292,2.475194,10.9233,9.061453,4.513543,9.374883,3.364955,0.7982137,11.95304,13.53526,3.229675,7.341081,3.683381,8.171684,10.4116,11.71378,2.655237,7.991933,2.747474,13.87697,3.971451,11.36459,2.375727,13.36311,7.590649,2.641171,3.901829,5.387474,7.831152,12.85152,10.92452,9.975855,4.613905,7.618764,8.497239,7.610202,14.37754,3.745989,10.50166,5.675619,10.5811,3.0343,4.686727,12.68844,7.914658,5.746642,0,6.872941,7.152458,13.4898,11.75898,1.334404,4.955764,11.64406,7.802085,6.532232,13.81249,6.65497,11.35787,8.9297,0.5770984,13.2476,4.434893,7.224882,6.580611,9.034739,4.640433,10.74581,1.432351,8.60957,13.0817,2.926194,12.03461,7.376317,2.594121,8.255045,1.772027,4.534155,2.141345,13.56138,
68,6.171876,6.695442,8.590318,5.819829,7.564598,8.747284,7.699898,6.672758,6.216058,4.457213,6.12113,5.695324,2.411078,0.6900991,2.815708,5.681111,7.066657,6.849153,9.567472,5.357382,4.887164,5.74048,6.122382,3.213089,3.705082,5.023746,3.695844,7.308947,8.689816,10.15526,3.658138,0.9611242,3.312541,3.863055,4.880695,7.110438,4.390947,6.935059,5.216372,7.82706,3.35131,6.628228,5.413407,9.726356,3.721538,6.291318,6.298582,1.488366,5.343629,7.573102,5.68639,6.333292,5.779094,2.724766,3.84777,0.9170322,8.670937,3.126985,7.411434,1.385193,6.289099,7.267472,2.612111,9.594366,5.393484,1.482795,6.872941,0,3.029169,7.106831,7.302805,6.878639,5.400647,5.389802,0.9349207,3.31343,10.06495,1.885856,6.233438,2.300824,6.370987,8.58562,2.444915,5.169888,1.247347,2.885927,4.065723,4.17737,8.139349,3.149569,7.251298,3.947168,5.985116,0.7947474,7.58171,2.106408,5.183125,5.114636,9.012936,7.482234,
69,4.123789,5.436187,6.478302,4.975816,6.44905,6.392166,8.342171,4.374943,4.161335,6.231848,5.684608,4.066085,5.141866,3.420522,4.334487,6.390758,9.072307,5.635124,9.232559,4.859756,3.47192,7.064738,3.878445,2.193784,5.83893,2.416776,4.993338,7.821233,5.859186,7.403542,4.290589,2.283372,3.707646,1.107789,3.271983,4.777357,4.542373,4.022076,4.624125,6.764678,5.059089,4.360507,4.965622,7.043903,0.7198538,5.457856,8.129431,3.124213,2.332343,5.734291,3.782029,3.503543,7.896817,0.6927424,1.361045,3.743035,7.225425,4.061829,4.48961,2.520693,3.737576,8.666314,4.609953,6.749863,2.376349,2.275346,7.152458,3.029169,0,6.537141,4.891729,6.583746,3.496847,4.701576,3.379981,0.7565939,7.431598,1.18293,4.241699,2.988966,6.822422,6.337752,3.521845,2.26177,1.823315,2.424403,6.273686,4.211259,8.578941,1.62027,5.939404,4.686571,4.967568,3.741241,6.759636,2.029245,5.414021,3.481214,9.110112,6.462591,
70,10.39302,11.93956,4.159955,1.572836,1.308835,4.967204,14.54011,10.40868,3.651634,11.56251,12.18641,10.53041,9.298229,7.793313,9.828573,12.50751,14.12356,1.567039,15.75524,1.77675,9.999655,12.79651,4.118617,4.440014,10.79517,5.171732,10.68559,14.07344,6.812373,7.300549,10.34457,6.33142,9.827905,5.797218,3.441227,4.367826,10.83503,8.917399,11.12866,1.284643,10.4338,4.14729,11.45371,6.710289,6.381072,11.99458,13.39854,8.38708,7.364722,3.08416,3.48404,5.883717,12.82476,5.947896,5.39141,6.834196,2.530654,9.926235,6.708866,7.936117,4.929711,14.35555,9.71475,7.421055,7.323553,7.810748,13.4898,7.106831,6.537141,0,4.636149,13.07554,9.902904,1.850951,6.387464,7.274858,6.718913,6.835228,3.501662,4.806031,13.07962,4.557668,9.237686,7.823592,6.960511,4.464956,11.12932,2.939976,14.87768,4.943436,1.741769,10.7112,1.671507,7.063261,13.29543,5.271271,11.71781,9.974177,15.54236,1.071208,
71,7.329991,9.217196,1.761396,3.630165,3.594684,1.500468,13.03967,7.067901,1.335478,11.11246,10.05225,7.811338,9.691175,7.90027,9.210564,11.17779,13.94625,3.069283,13.35194,4.200274,7.59513,11.9436,1.208319,4.207332,10.65589,2.476065,9.88497,12.48973,2.206085,3.122373,9.148093,6.343917,8.561249,3.784047,2.713457,0.2896263,9.2831,5.036691,9.045996,3.863331,9.931535,0.7435701,9.417018,2.584943,4.278565,9.594697,13.01629,7.911151,4.091769,1.771522,1.878886,1.923015,12.7442,4.761598,3.601018,7.616301,3.448544,8.95091,2.239894,7.311446,1.181658,13.53963,9.424191,2.935974,4.016231,7.083628,11.75898,7.302805,4.891729,4.636149,0,10.9402,7.132066,3.869903,7.113967,5.325112,2.835505,5.896887,1.42377,5.646988,11.51303,1.488672,8.408709,4.704113,6.409499,4.669732,11.0797,4.91155,13.18719,4.154099,2.97884,9.543255,3.31515,7.743918,10.7228,5.267316,10.11199,7.409993,13.52142,3.782742,
72,4.05047,2.210926,12.68104,11.5345,13.03079,12.35354,2.630602,4.67932,10.56941,4.468889,0.9031082,3.274628,6.46413,6.434631,4.457667,2.236047,6.026903,12.21577,2.720129,11.34152,3.345115,3.577959,10.19524,8.639919,5.208436,8.641544,3.800213,2.085152,10.94668,12.50847,3.288401,7.180902,3.566143,7.519656,9.8505,10.92204,2.490746,6.864424,1.960578,13.34746,4.468089,10.60841,1.622244,12.3749,6.920433,1.43864,5.097062,5.408592,6.909734,12.15656,10.28099,9.094647,5.713488,7.131064,7.87808,7.703251,13.74711,3.854454,9.517632,5.560298,9.777355,4.353697,5.072867,11.64201,6.991494,5.573283,1.334404,6.878639,6.583746,13.07554,10.9402,0,3.911589,11.22531,7.811193,5.89513,12.83097,6.295497,10.67563,8.729878,1.648102,12.42429,4.467691,6.292204,6.351501,8.686399,5.426652,10.46208,2.463962,8.136188,12.50847,3.117453,11.54526,7.487457,1.309081,7.957636,1.807545,3.552937,2.581589,13.04633,
73,0.7788249,2.106439,8.890614,8.330212,9.61639,8.499326,6.322159,1.409597,6.937915,5.995039,3.083264,0.679731,6.444439,5.351857,4.610664,4.859307,8.570728,8.806511,6.219939,8.300155,0.8645486,6.065145,6.518428,5.684442,6.157691,5.000502,4.676364,5.746639,7.035931,8.602909,3.641679,5.151738,3.255825,4.107492,6.49108,7.145248,3.163163,3.063809,2.269842,9.940036,5.166807,6.882412,2.618536,8.463307,3.522573,2.499211,7.537018,4.42003,3.046564,8.493771,6.744165,5.241642,7.7263,4.179669,4.511699,6.311837,10.15947,3.908269,5.606844,4.111191,6.001516,7.44972,5.237451,7.744023,3.125192,3.944825,4.955764,5.400647,3.496847,9.902904,7.132066,3.911589,0,8.110275,6.156191,2.745405,8.919511,3.878249,7.060965,6.350115,4.884838,8.599743,3.949458,2.429662,4.309893,5.914035,6.565486,7.708085,6.31574,5.09873,9.039662,3.906993,8.266043,6.18944,3.594198,5.408358,3.675877,0.4967552,6.460872,9.672792,
74,8.633648,10.12308,4.150859,0.4595806,2.203657,4.738984,12.70782,8.698469,2.59132,9.821306,10.33707,8.724855,7.678298,6.079895,8.045094,10.67885,12.45164,1.605621,13.90786,0.33179,8.171182,11.01305,2.958082,2.589232,9.094851,3.600935,8.890773,12.23518,6.047787,6.912437,8.513149,4.558555,7.989311,4.025575,1.796912,3.580386,8.988878,7.388138,9.279955,2.44556,8.672453,3.194963,9.603671,6.337047,4.591508,10.15492,11.6851,6.599649,5.729379,2.929243,2.187713,4.582009,11.159,4.100422,3.615911,5.236665,3.422197,8.107834,5.580266,6.125273,3.731233,12.58653,7.974065,6.805787,5.698453,5.988931,11.64406,5.389802,4.701576,1.850951,3.869903,11.22531,8.110275,0,4.756998,5.446006,6.472988,4.989176,2.470922,3.112259,11.23949,4.395786,7.425132,6.134672,5.139454,2.638231,9.449656,1.423471,13.0362,3.09744,2.032543,8.884041,0.743863,5.44883,11.46092,3.457331,9.872333,8.158972,13.69221,2.098907,
75,6.914335,7.564695,8.254754,5.204622,6.958277,8.502078,8.604727,7.366605,5.931514,5.248065,7.046738,6.502636,2.923317,1.512717,3.709292,6.595335,7.736243,6.288347,10.50212,4.681202,5.707814,6.587371,5.909183,2.910795,4.42606,5.011286,4.588118,8.225131,8.692674,10.08714,4.591858,1.102403,4.245152,4.00309,4.532962,6.895425,5.324769,7.393666,6.126672,7.201474,4.194555,6.403833,6.333963,9.621965,4.001689,7.195408,7.031932,2.422137,5.704445,7.1698,5.37766,6.381809,6.437304,2.905405,3.891267,0.5094224,8.125832,4.05714,7.506027,2.284996,6.193337,8.080402,3.431251,9.596164,5.743202,2.341803,7.802085,0.9349207,3.379981,6.387464,7.113967,7.811193,6.156191,4.756998,0,3.826412,9.92927,2.390159,5.926807,1.658933,7.295282,8.300739,3.378685,5.624063,1.852738,2.482666,4.745538,3.449036,9.05617,3.023686,6.703966,4.875895,5.406089,0.6938392,8.494893,1.862579,6.117709,5.909039,9.942841,6.854533,
76,3.390502,4.6828,6.980983,5.708627,7.141489,6.815845,7.762084,3.685131,4.731801,5.936401,4.992745,3.309502,5.179487,3.57257,4.076687,5.858684,8.775346,6.325586,8.518552,5.61062,2.725495,6.639264,4.403587,2.950362,5.653718,2.872316,4.638271,7.227087,6.037324,7.61778,3.833527,2.729701,3.247169,1.640167,3.960859,5.243533,3.974185,3.622085,3.935407,7.459989,4.798152,4.861571,4.286938,7.305657,1.063082,4.729171,7.801016,3.052964,2.126008,6.319338,4.400782,3.745665,7.651119,1.434282,1.983724,4.124356,7.864385,3.690147,4.60716,2.484532,4.146854,8.226455,4.451423,6.903303,2.190547,2.236051,6.532232,3.31343,0.7565939,7.274858,5.325112,5.89513,2.745405,5.446006,3.826412,0,7.715836,1.447042,4.825672,3.666559,6.235242,6.800323,3.24347,1.862776,2.066588,3.169041,6.094665,4.964109,7.96383,2.375257,6.613441,4.226758,5.687052,4.080652,6.021363,2.708423,4.825325,2.725356,8.442984,7.165267,
77,8.897162,10.86329,2.568622,6.143199,5.446709,1.767121,15.15074,8.441368,4.13116,13.6393,11.98807,9.568055,12.4233,10.63339,11.75432,13.42093,16.48197,5.263852,14.99284,6.788588,9.554008,14.32949,4.041659,7.032067,13.26927,5.077458,12.35385,14.58253,1.904499,0.7417419,11.52387,9.113974,10.94255,6.355587,5.541026,3.084573,11.52275,6.162747,11.06538,5.598891,12.47984,3.572981,11.43677,0.4633259,6.747742,11.4128,15.51562,10.53931,5.99179,3.675592,4.692515,3.970393,15.32565,7.42955,6.259617,10.42773,4.613647,11.40596,3.314777,9.933978,3.777704,15.89604,12.03851,1.498923,5.907919,9.694643,13.81249,10.06495,7.431598,6.718913,2.835505,12.83097,8.919511,6.472988,9.92927,7.715836,0,8.530886,4.189027,8.482155,13.64806,2.164562,10.92987,6.589928,9.091851,7.50143,13.7025,7.659953,15.2094,6.934917,4.98841,11.91069,5.807723,10.54569,12.37411,8.072679,12.28931,9.295978,15.37084,5.680904,
78,4.607292,5.543535,7.386443,5.339702,6.96419,7.390285,7.736988,5.008401,5.01049,5.242626,5.429229,4.316874,3.965425,2.238236,3.344373,5.721858,8.06084,6.172005,9.00722,5.0747,3.580791,6.216116,4.800581,2.412185,4.760101,3.460729,4.09296,7.252908,7.01298,8.538736,3.557867,1.308804,3.012444,2.178707,3.891654,5.750932,3.999912,5.058044,4.393919,7.264644,4.054875,5.301757,4.688056,8.157403,1.900336,5.367908,7.154603,2.016184,3.462247,6.526273,4.556045,4.648553,6.847891,1.142937,2.29668,2.677379,7.884362,3.214928,5.663173,1.414619,4.782824,7.820076,3.52779,7.90895,3.514323,1.189454,6.65497,1.885856,1.18293,6.835228,5.896887,6.295497,3.878249,4.989176,2.390159,1.447042,8.530886,0,5.066307,2.537958,6.254773,7.295776,2.585961,3.288958,0.648037,2.394888,5.186534,4.169626,8.049145,2.016269,6.523112,3.941848,5.403609,2.638653,6.698247,1.674123,4.883167,3.70935,8.714438,6.939529,
79,7.402664,9.166186,2.358647,2.28005,2.723285,2.597571,12.57564,7.277356,0.1514143,10.3022,9.773575,7.732545,8.644204,6.872381,8.408878,10.63244,13.10093,2.005459,13.21844,2.802695,7.374076,11.2613,0.6324247,3.034258,9.7553,2.061433,9.151474,12.04723,3.577211,4.534343,8.520332,5.275579,7.941551,3.186505,1.400587,1.139703,8.777128,5.531388,8.728825,3.037797,9.113579,0.724097,9.089665,3.981931,3.770189,9.413569,12.21477,7.032903,4.176765,1.494758,0.5498658,2.401499,11.86011,3.931962,2.880667,6.435602,3.098981,8.248642,3.221031,6.453681,1.432154,12.86668,8.537738,4.35055,4.118208,6.246606,11.35787,6.233438,4.241699,3.501662,1.42377,10.67563,7.060965,2.470922,5.926807,4.825672,4.189027,5.066307,0,4.374321,11.05173,2.374106,7.647377,4.728828,5.491139,3.445107,10.16371,3.493281,12.78932,3.130658,2.09243,8.915332,1.991066,6.586765,10.62949,4.137358,9.641347,7.252893,13.24444,2.850641,
80,7.040343,8.081305,6.661509,3.55443,5.307756,6.970433,9.870721,7.34931,4.396994,6.756985,7.891934,6.832601,4.569879,2.988082,5.056001,7.834146,9.34413,4.629758,11.45,3.060912,6.114508,8.013911,4.440792,1.510546,5.996771,3.821644,5.926688,9.441181,7.410578,8.706969,5.709668,1.59237,5.253012,3.139994,2.974606,5.407064,6.319674,6.862374,6.882381,5.557556,5.636786,4.914732,7.152685,8.208391,3.381195,7.886596,8.596335,3.633085,5.071863,5.545491,3.832844,5.214222,8.049562,2.318985,2.8835,2.155682,6.466981,5.236952,6.368194,3.257242,4.845956,9.558487,4.909934,8.300212,5.088181,3.186912,8.9297,2.300824,2.988966,4.806031,5.646988,8.729878,6.350115,3.112259,1.658933,3.666559,8.482155,2.537958,4.374321,0,8.469015,6.740648,4.537369,5.171551,2.378705,1.006338,6.342995,1.882782,10.26364,1.878686,5.04504,6.048753,3.748545,2.352627,9.21635,0.9607567,7.177026,6.225396,11.04541,5.211063,
81,5.229084,3.646433,13.20487,11.59447,13.19928,12.97941,1.52787,5.924515,10.96262,3.071151,1.963907,4.354236,5.422264,5.812539,3.638003,0.7954125,4.378936,12.39666,3.512236,11.30917,4.129859,1.966173,10.63831,8.66674,3.936631,9.098691,2.809843,1.001227,11.8083,13.39925,2.75957,6.877131,3.252021,7.867476,10.06067,11.45509,2.282197,7.945855,2.621675,13.50511,3.40436,11.09063,2.266312,13.20368,7.298073,2.748212,3.455012,4.891986,7.656363,12.54648,10.60386,9.767719,4.113348,7.255016,8.177682,7.087039,14.04273,3.250622,10.34829,5.211836,10.33201,2.759504,4.128819,12.56712,7.740222,5.298187,0.5770984,6.370987,6.822422,13.07962,11.51303,1.648102,4.884838,11.23949,7.295282,6.235242,13.64806,6.254773,11.05173,8.469015,0,12.99977,3.947135,7.060969,6.140844,8.616598,4.067779,10.30246,1.799737,8.234776,12.72756,2.429635,11.65275,6.850542,2.955912,7.824991,1.410479,4.434479,2.671947,13.185,
82,8.767191,10.67447,0.4849972,4.033895,3.298792,0.4190556,14.52672,8.466802,2.373991,12.53254,11.53793,9.27792,10.99297,9.211386,10.63044,12.65735,15.35658,3.104305,14.81707,4.698668,9.079248,13.4009,2.497439,5.40284,12.03953,3.935096,11.32691,13.97754,2.679171,2.754642,10.61299,7.625045,10.02664,5.231731,3.772444,1.561096,10.76521,6.347466,10.53398,3.472806,11.34711,1.994061,10.90517,2.168491,5.747051,11.07193,14.44154,9.298986,5.553841,1.519004,2.923085,3.362584,14.13762,6.153308,5.015289,8.809414,2.623207,10.39931,3.385291,8.705821,2.667937,15.00036,10.812,3.021719,5.47624,8.485223,13.2476,8.58562,6.337752,4.557668,1.488672,12.42429,8.599743,4.395786,8.300739,6.800323,2.164562,7.295776,2.374106,6.740648,12.99977,0,9.839737,6.170084,7.77458,5.819212,12.45686,5.670523,14.67587,5.451066,2.824098,11.00872,3.698008,8.95881,12.18464,6.500834,11.59754,8.888494,15.00501,3.52998,
83,4.702907,4.634053,9.952283,7.811234,9.489122,9.908885,5.333784,5.356562,7.587312,2.711812,3.764572,3.982717,2.512557,1.967217,0.8338139,3.296811,5.554373,8.712019,7.133979,7.460955,3.188349,3.635133,7.355584,4.922677,2.439153,5.937014,1.50719,4.907632,9.279926,10.85649,1.213231,2.946424,0.9521745,4.626859,6.470398,8.283624,1.980141,6.401208,2.980088,9.780381,1.555057,7.85023,3.102265,10.52958,4.183706,4.061575,4.608068,0.9565955,5.277753,9.11187,7.14111,6.968849,4.408197,3.71555,4.824936,3.237312,10.45419,0.6998933,7.849616,1.301571,7.259336,5.236849,1.322387,10.14661,5.352439,1.445661,4.434893,2.444915,3.521845,9.237686,8.408709,4.467691,3.949458,7.425132,3.378685,3.24347,10.92987,2.585961,7.647377,4.537369,3.947135,9.839737,0,4.850653,2.288427,4.787477,2.879986,6.394333,5.733383,4.590209,9.07693,1.517781,7.910194,3.01979,5.282575,3.969104,2.740184,3.518878,6.572302,9.447145,
84,2.676766,4.515227,6.464046,6.27441,7.376327,6.073735,8.560833,2.587838,4.596359,7.425313,5.425265,3.108133,6.993288,5.431108,5.670889,6.86969,10.21247,6.584424,8.648423,6.375415,2.971487,7.88095,4.153134,4.051756,7.288861,2.704865,6.076079,7.992717,4.750528,6.345913,5.130756,4.52192,4.582286,2.198841,4.386601,4.724852,4.991271,1.771531,4.477426,7.699574,6.364563,4.484559,4.849543,6.143461,1.797815,4.911396,9.200541,4.840198,0.6188651,6.116565,4.476973,2.813655,9.179567,2.867396,2.589661,5.956447,7.809731,5.147571,3.287841,4.303755,3.585885,9.40035,6.138669,5.534705,0.6996676,4.060866,7.224882,5.169888,2.26177,7.823592,4.704113,6.292204,2.429662,6.134672,5.624063,1.862776,6.589928,3.288958,4.728828,5.171551,7.060969,6.170084,4.850653,0,3.922716,4.432179,7.728919,6.057164,8.629258,3.469305,6.772911,5.493478,6.154066,5.927202,6.018708,4.231816,5.717347,2.7394,8.863516,7.458904,
85,5.063874,5.820354,7.836673,5.522911,7.204649,7.891743,7.582707,5.515615,5.448508,4.829481,5.518326,4.683788,3.354262,1.600478,2.963065,5.54793,7.610597,6.433185,9.071568,5.184459,3.906473,5.906473,5.278167,2.644471,4.267733,4.014435,3.774212,7.126945,7.615375,9.124979,3.389464,0.8751112,2.897258,2.766189,4.238345,6.247119,3.950421,5.687796,4.521382,7.493944,3.644248,5.7842,4.780868,8.728644,2.535523,5.548439,6.738772,1.545973,4.109497,6.918848,4.963083,5.249026,6.370642,1.662349,2.833196,2.079324,8.194471,2.9684,6.284607,0.9983023,5.324577,7.499213,3.046656,8.514851,4.162028,0.850267,6.580611,1.247347,1.823315,6.960511,6.409499,6.351501,4.309893,5.139454,1.852738,2.066588,9.091851,0.648037,5.491139,2.378705,6.140844,7.77458,2.288427,3.922716,0,2.501229,4.682455,4.165228,7.940418,2.369219,6.804893,3.751378,5.6235,2.017901,6.873434,1.689823,4.817064,4.083076,8.682496,7.159773,
86,6.547844,7.790619,5.774017,3.027169,4.734609,6.027778,10.0754,6.773403,3.453518,7.232251,7.813797,6.460457,5.277284,3.563109,5.422352,8.043845,9.927996,3.988504,11.39336,2.692569,5.809595,8.386285,3.461441,0.5073017,6.556745,2.829292,6.259295,9.60921,6.404346,7.710244,5.879841,1.975617,5.364579,2.287245,2.05037,4.438418,6.383081,6.050968,6.769329,5.014562,6.067394,3.945472,7.073695,7.218104,2.641568,7.708111,9.118402,3.977566,4.251447,4.708475,2.896582,4.218124,8.649529,1.735159,1.97457,2.991892,5.795228,5.469622,5.373007,3.488689,3.841365,9.967882,5.394552,7.294569,4.257476,3.350851,9.034739,2.885927,2.424403,4.464956,4.669732,8.686399,5.914035,2.638231,2.482666,3.169041,7.50143,2.394888,3.445107,1.006338,8.616598,5.819212,4.787477,4.432179,2.501229,0,6.935124,1.812826,10.41549,0.9790633,4.380869,6.248079,3.147729,3.150529,9.033692,0.8266218,7.263199,5.863539,11.10658,4.675953,
87,7.25277,6.58757,12.51538,9.883419,11.63,12.56847,4.78355,7.958766,10.12614,0.9992355,5.142869,6.415017,1.921522,3.377999,2.059647,3.288585,3.002012,10.91293,7.561405,9.402781,5.721223,2.414054,9.96001,7.214758,0.4415519,8.645059,1.93004,4.644335,12.11012,13.67122,2.945865,4.962603,3.319387,7.34924,8.867821,10.92518,3.636906,9.242485,4.881752,11.89062,1.404791,10.46556,4.784885,13.31754,6.971529,5.769801,2.312221,3.170352,8.155859,11.56545,9.628819,9.771251,1.714541,6.318099,7.48244,4.326054,12.72965,2.673976,10.6973,3.773607,9.968743,3.554813,1.664026,12.98781,8.229883,4.009297,4.640433,4.065723,6.273686,11.12932,11.0797,5.426652,6.565486,9.449656,4.745538,6.094665,13.7025,5.186534,10.16371,6.342995,4.067779,12.45686,2.879986,7.728919,4.682455,6.935124,0,8.189352,5.393432,7.033208,11.31242,2.76693,10.05077,4.086076,6.629821,6.128294,3.759897,6.085778,6.545635,11.54526,
88,8.320772,9.603039,5.476672,1.881227,3.591923,5.979875,11.72591,8.503309,3.576282,8.634424,9.598819,8.266323,6.36572,4.860555,6.936257,9.688225,11.18425,3.029048,13.17623,1.264135,7.622195,9.896365,3.81768,2.040458,7.856423,3.912678,7.804385,11.28373,6.981887,8.027617,7.545255,3.45212,7.062484,3.85834,2.321204,4.63144,8.109758,7.545319,8.5617,3.804827,7.519263,4.180265,8.857593,7.472724,4.322934,9.514481,10.46082,5.506905,5.775184,4.269285,3.052639,5.154347,9.8858,3.531994,3.474262,3.903774,4.839576,7.091692,6.261753,5.100282,4.473654,11.4406,6.789137,7.806027,5.764374,5.004295,10.74581,4.17737,4.211259,2.939976,4.91155,10.46208,7.708085,1.423471,3.449036,4.964109,7.659953,4.169626,3.493281,1.882782,10.30246,5.670523,6.394333,6.057164,4.165228,1.812826,8.189352,0,12.10114,2.636506,3.456001,7.895684,2.157032,4.128901,10.84166,2.505683,8.980875,7.671862,12.84283,3.45966,
89,6.5084,4.662762,14.90062,13.38817,14.98233,14.63488,0.654189,7.143266,12.69535,4.418056,3.23255,5.706051,6.989011,7.55922,5.363195,2.461758,4.676404,14.1771,2.500754,13.10802,5.658136,2.993466,12.35564,10.46017,5.370353,10.80706,4.501052,0.8312507,13.34028,14.91549,4.556441,8.67133,5.051085,9.60294,11.83287,13.14412,4.059498,9.314519,4.157179,15.28991,5.028754,12.79651,3.784185,14.75759,9.022717,3.895037,4.028359,6.670007,9.239316,14.28317,12.35393,11.39469,4.904706,9.034002,9.926389,8.823741,15.80435,5.034225,11.89554,7.007298,12.01018,2.740727,5.788904,14.05969,9.322537,7.09709,1.432351,8.139349,8.578941,14.87768,13.18719,2.463962,6.31574,13.0362,9.05617,7.96383,15.2094,8.049145,12.78932,10.26364,1.799737,14.67587,5.733383,8.629258,7.940418,10.41549,5.393432,12.10114,0,10.01991,14.50228,4.216604,13.44191,8.583111,3.450534,9.624713,3.175864,5.915577,1.21816,14.97194,
90,5.690439,7.05643,5.485311,3.398833,4.964729,5.600419,9.731508,5.868221,3.09673,7.196301,7.244559,5.682291,5.547135,3.761311,5.317013,7.727477,9.978197,4.165069,10.8118,3.242953,5.08976,8.225036,2.974236,0.596234,6.626103,2.002606,6.096311,9.235556,5.672642,7.067614,5.568419,2.189903,5.013166,1.308247,1.880465,3.961303,5.960435,5.072182,6.185958,5.270458,6.009286,3.480895,6.513947,6.612676,1.695663,7.059191,9.106902,3.915028,3.272763,4.549718,2.596709,3.391512,8.731498,1.005181,1.008467,3.509588,5.868482,5.230246,4.536179,3.349488,3.175599,9.826986,5.412378,6.574955,3.278427,3.157606,8.60957,3.149569,1.62027,4.943436,4.154099,8.136188,5.09873,3.09744,3.023686,2.375257,6.934917,2.016269,3.130658,1.878686,8.234776,5.451066,4.590209,3.469305,2.369219,0.9790633,7.033208,2.636506,10.01991,0,4.50926,5.955003,3.426155,3.614623,8.369042,1.165804,6.8445,5.100604,10.62535,4.952221,
91,9.431527,11.13299,2.447366,1.57642,0.6373573,3.229892,14.23277,9.342956,2.239815,11.60368,11.60618,9.700114,9.604218,7.935654,9.765373,12.2355,14.30803,0.4270272,15.11579,2.239659,9.274154,12.7085,2.720114,4.160609,10.93719,4.070128,10.57579,13.72877,5.109999,5.559969,10.07768,6.356474,9.520777,5.002591,2.670237,2.731026,10.44688,7.621798,10.54834,0.9457778,10.43029,2.607234,10.89705,4.969508,5.606071,11.31094,13.49639,8.329649,6.242581,1.343369,2.300833,4.468067,13.02693,5.473165,4.632036,7.197739,1.422679,9.731168,5.150241,7.802937,3.488763,14.30383,9.772245,5.688456,6.187926,7.63276,13.0817,7.251298,5.939404,1.741769,2.97884,12.50847,9.039662,2.032543,6.703966,6.613441,4.98841,6.523112,2.09243,5.04504,12.72756,2.824098,9.07693,6.772911,6.804893,4.380869,11.31242,3.456001,14.50228,4.50926,0,10.46402,1.31185,7.397654,12.56473,5.199224,11.32788,9.189005,15.04807,0.8046669,
92,4.543882,3.847719,11.16319,9.256364,10.90396,11.03834,3.832481,5.263939,8.841327,2.090455,2.569836,3.678821,3.375926,3.413333,1.340221,1.796555,4.740896,10.11372,5.698443,8.935577,3.043876,2.418865,8.564595,6.340571,2.414076,7.073755,0.8423022,3.392504,10.16341,11.76051,0.3960761,4.456445,0.9821373,5.783053,7.819954,9.447981,0.8752942,6.789705,2.124395,11.20224,1.482297,9.043218,2.072052,11.4883,5.264697,3.080735,3.717419,2.463809,6.01846,10.401,8.433513,7.946785,3.821938,5.015172,6.041894,4.693301,11.81665,0.8214443,8.702153,2.795743,8.368991,3.999699,1.970694,10.99136,6.099959,2.901695,2.926194,3.947168,4.686571,10.7112,9.543255,3.117453,3.906993,8.884041,4.875895,4.226758,11.91069,3.941848,8.915332,6.048753,2.429635,11.00872,1.517781,5.493478,3.751378,6.248079,2.76693,7.895684,4.216604,5.955003,10.46402,0,9.336707,4.463215,4.121036,5.441201,1.314423,3.413145,5.067061,10.87435,
93,8.737394,10.32158,3.429807,0.3361354,1.586959,4.056278,13.14047,8.740335,2.130621,10.37845,10.64865,8.903143,8.316007,6.673084,8.566936,11.12363,13.05096,0.887564,14.19981,1.010725,8.401852,11.52643,2.561077,2.996137,9.684096,3.502262,9.395908,12.65254,5.518691,6.280572,8.957394,5.113887,8.416033,4.159437,1.78017,3.027512,9.383271,7.261633,9.588161,1.870468,9.21512,2.699535,9.924088,5.69806,4.752373,10.41622,12.2593,7.123465,5.693359,2.207779,1.857241,4.288997,11.76416,4.424867,3.75893,5.896118,2.724866,8.580193,5.199448,6.619853,3.368884,13.11246,8.537501,6.23389,5.652545,6.465284,12.03461,5.985116,4.967568,1.671507,3.31515,11.54526,8.266043,0.743863,5.406089,5.687052,5.807723,5.403609,1.991066,3.748545,11.65275,3.698008,7.910194,6.154066,5.6235,3.147729,10.05077,2.157032,13.44191,3.426155,1.31185,9.336707,0,6.099898,11.70326,3.973979,10.26774,8.357941,14.04883,1.53794,
94,6.962181,7.431544,8.924134,5.897341,7.650839,9.150225,8.105133,7.467186,6.58609,4.638628,6.767125,6.469772,2.236983,1.054375,3.22034,6.123374,7.065977,6.982172,10.14513,5.368261,5.657699,6.01594,6.544075,3.557577,3.784327,5.571065,4.085896,7.75246,9.255041,10.67956,4.216145,1.503704,3.940252,4.487157,5.198972,7.532876,4.998579,7.696696,5.904573,7.892526,3.635532,7.043096,6.077674,10.22723,4.410052,6.986954,6.385169,2.089462,6.071007,7.850518,6.036962,6.919771,5.766104,3.358026,4.420493,0.2479315,8.819594,3.660504,8.025224,2.127924,6.789799,7.475924,2.861121,10.16013,6.116955,2.255219,7.376317,0.7947474,3.741241,7.063261,7.743918,7.487457,6.18944,5.44883,0.6938392,4.080652,10.54569,2.638653,6.586765,2.352627,6.850542,8.95881,3.01979,5.927202,2.017901,3.150529,4.086076,4.128901,8.583111,3.614623,7.397654,4.463215,6.099898,0,8.257414,2.476605,5.744456,5.894472,9.515925,7.545547,
95,3.47773,1.517184,12.48263,11.72999,13.12157,12.07111,3.768875,3.977931,10.51078,5.700524,1.552478,2.914567,7.495083,7.223635,5.434228,3.524997,7.33335,12.3064,2.63536,11.61132,3.301695,4.882622,10.10128,8.915036,6.376458,8.568773,4.888243,3.273546,10.47116,11.98793,4.200317,7.738123,4.334119,7.571253,9.954977,10.73923,3.347186,6.256675,2.36892,13.44343,5.561054,10.47409,2.182575,11.91219,6.968782,1.330435,6.406074,6.171331,6.632116,12.07731,10.28573,8.822587,7.011317,7.376053,7.958031,8.454989,13.7275,4.756332,9.093334,6.21001,9.595712,5.628325,6.087889,11.09908,6.708928,6.174019,2.594121,7.58171,6.759636,13.29543,10.7228,1.309081,3.594198,11.46092,8.494893,6.021363,12.37411,6.698247,10.62949,9.21635,2.955912,12.18464,5.282575,6.018708,6.873434,9.033692,6.629821,10.84166,3.450534,8.369042,12.56473,4.121036,11.70326,8.257414,0,8.370162,2.890497,3.379006,3.125858,13.16072,
96,6.088921,7.186852,6.49039,3.852289,5.560728,6.680412,9.272294,6.38935,4.127098,6.407987,7.098055,5.908261,4.515345,2.768789,4.595978,7.237751,9.115561,4.810682,10.67337,3.494902,5.210316,7.560708,4.068365,1.107444,5.744088,3.165592,5.434962,8.813761,6.838402,8.224559,5.078094,1.166686,4.575387,2.285093,2.774695,5.057625,5.610928,5.944368,6.066875,5.841177,5.241372,4.568798,6.356681,7.760952,2.455048,7.040117,8.297285,3.151018,4.166727,5.467063,3.588475,4.549524,7.841675,1.367259,2.094685,2.355768,6.609523,4.655308,5.688063,2.668353,4.33076,9.141399,4.573103,7.74053,4.188896,2.539806,8.255045,2.106408,2.029245,5.271271,5.267316,7.957636,5.408358,3.457331,1.862579,2.708423,8.072679,1.674123,4.137358,0.9607567,7.824991,6.500834,3.969104,4.231816,1.689823,0.8266218,6.128294,2.505683,9.624713,1.165804,5.199224,5.441201,3.973979,2.476605,8.370162,0,6.486164,5.302723,10.34251,5.50253,
97,4.141975,2.93881,11.79811,10.21821,11.80647,11.5832,2.936764,4.86515,9.552144,2.874694,1.383363,3.240364,4.660102,4.690416,2.653167,1.183952,5.016299,11.00135,4.400951,9.953252,2.858882,2.453558,9.228724,7.290772,3.489038,7.690714,2.008998,2.407295,10.46735,12.06326,1.529735,5.59385,1.924015,6.457001,8.659208,10.05024,0.8845701,6.728212,1.445029,12.11418,2.681557,9.682535,1.181058,11.84911,5.888291,2.058345,3.995245,3.695976,6.301188,11.13611,9.194717,8.385201,4.386528,5.858245,6.768053,5.968688,12.63679,2.085059,9.002971,3.933441,8.930502,3.77387,3.26567,11.24552,6.38503,3.990247,1.772027,5.183125,5.414021,11.71781,10.11199,1.807545,3.675877,9.872333,6.117709,4.825325,12.28931,4.883167,9.641347,7.177026,1.410479,11.59754,2.740184,5.717347,4.817064,7.263199,3.759897,8.980875,3.175864,6.8445,11.32788,1.314423,10.26774,5.744456,2.890497,6.486164,0,3.195813,3.86839,11.79669,
98,1.187021,1.965381,9.161122,8.402623,9.75125,8.806763,5.892814,1.874076,7.135777,5.5023,2.692973,0.6077089,6.026156,5.01503,4.151552,4.379761,8.074536,8.937224,5.971403,8.332136,0.3692694,5.572526,6.732914,5.673539,5.681844,5.193562,4.188715,5.318601,7.424818,9.002764,3.154113,4.944129,2.786456,4.20658,6.595825,7.406562,2.666676,3.533179,1.812845,10.07383,4.690687,7.119096,2.17243,8.843013,3.607516,2.185133,7.040843,4.049092,3.357312,8.707907,6.90697,5.546117,7.23105,4.143073,4.600703,6.030887,10.34986,3.438833,5.981338,3.786479,6.260142,6.968804,4.789026,8.154307,3.438861,3.639482,4.534155,5.114636,3.481214,9.974177,7.409993,3.552937,0.4967552,8.158972,5.909039,2.725356,9.295978,3.70935,7.252893,6.225396,4.434479,8.888494,3.518878,2.7394,4.083076,5.863539,6.085778,7.671862,5.915577,5.100604,9.189005,3.413145,8.357941,5.894472,3.379006,5.302723,3.195813,0,6.125202,9.796143,
99,6.508431,4.558312,15.26261,14.02059,15.55705,14.93103,1.87228,7.069505,13.14047,5.556538,3.476444,5.803588,8.05817,8.473014,6.30885,3.437937,5.870486,14.74428,1.361421,13.78843,5.926314,4.17261,12.77157,11.10328,6.490038,11.21739,5.479672,1.901537,13.47756,15.02341,5.363144,9.461516,5.792404,10.07666,12.38209,13.50356,4.733152,9.323782,4.515692,15.87095,6.057697,13.18806,4.157244,14.91226,9.480889,3.961749,5.245856,7.526423,9.481963,14.72893,12.84017,11.67091,6.121897,9.624045,10.42614,9.750537,16.3059,5.886044,12.06324,7.798959,12.35894,3.9304,6.795122,14.14575,9.563179,7.858585,2.141345,9.012936,9.110112,15.54236,13.52142,2.581589,6.460872,13.69221,9.942841,8.442984,15.37084,8.714438,13.24444,11.04541,2.671947,15.00501,6.572302,8.863516,8.682496,11.10658,6.545635,12.84283,1.21816,10.62535,15.04807,5.067061,14.04883,9.515925,3.125858,10.34251,3.86839,6.125202,0,15.56336,
100,10.09758,11.75216,3.113793,1.662523,0.2383842,3.944954,14.67564,10.04079,3.000861,11.89856,12.14698,10.32401,9.776672,8.172041,10.09815,12.66052,14.54723,0.8745718,15.68369,2.195683,9.860811,13.06025,3.482842,4.533861,11.1868,4.755796,10.93074,14.18528,5.901422,6.283277,10.49459,6.631553,9.951655,5.590569,3.207218,3.535689,10.91255,8.378778,11.0866,0.346991,10.74047,3.401678,11.42754,5.695024,6.192213,11.88814,13.77157,8.653519,6.948311,2.109682,2.987639,5.244984,13.25579,5.944571,5.203097,7.33104,1.513718,10.11799,5.952009,8.155334,4.267335,14.64377,10.05414,6.456193,6.897463,8.002561,13.56138,7.482234,6.462591,1.071208,3.782742,13.04633,9.672792,2.098907,6.854533,7.165267,5.680904,6.939529,2.850641,5.211063,13.185,3.52998,9.447145,7.458904,7.159773,4.675953,11.54526,3.45966,14.97194,4.952221,0.8046669,10.87435,1.53794,7.545547,13.16072,5.50253,11.79669,9.796143,15.56336,0,
